pack,variant,model,obs_name,bmin,mag_num,pm_sig_max,pm_tot_max,pm_is_none,z_mean,amp_pred,proj_meas
boehme,baseline,O0_intercept,Quaia_G<20.0_pmSig_lt2_0p6_1p0,,,,,0,0.8180457891365732,0.018363661776408698,0.016934445042375432
boehme,baseline,O0_intercept,Quaia_G<20.0_pmSig_lt2_1p0_1p5,,,,,0,1.2593244815869629,0.018363661776408698,0.02025479162074008
boehme,baseline,O0_intercept,Quaia_G<20.0_pmSig_lt2_1p5_3p0,,,,,0,2.063375928734873,0.018363661776408698,0.01738028428863744
boehme,baseline,O0_intercept,Quaia_maskscan_G20.0_bmin20,20.0,,,,0,1.5216184854507446,0.018363661776408698,0.021166146642978223
boehme,baseline,O0_intercept,Quaia_maskscan_G20.0_bmin25,25.0,,,,0,1.525849223136902,0.018363661776408698,0.018389529142534364
boehme,baseline,O0_intercept,Quaia_maskscan_G20.0_bmin30,30.0,,,,0,1.529037594795227,0.018363661776408698,0.01447415135913538
boehme,baseline,O0_intercept,Quaia_maskscan_G20.0_bmin35,35.0,,,,0,1.531247854232788,0.018363661776408698,0.012945690134623282
boehme,baseline,O0_intercept,Quaia_maskscan_G20.5_bmin20,20.0,,,,0,1.5471723079681396,0.018363661776408698,0.026143623963278753
boehme,baseline,O0_intercept,Quaia_maskscan_G20.5_bmin25,25.0,,,,0,1.5523033142089844,0.018363661776408698,0.022472272137685205
boehme,baseline,O0_intercept,Quaia_maskscan_G20.5_bmin30,30.0,,,,0,1.55604088306427,0.018363661776408698,0.01968817476521119
boehme,baseline,O0_intercept,Quaia_maskscan_G20.5_bmin35,35.0,,,,0,1.5588762760162354,0.018363661776408698,0.01805687223838477
boehme,baseline,O0_intercept,Quaia_pmcut_G20.0_bmin30_pm_tot<1&pm_sig<2,30.0,20.0,2.0,1.0,0,1.529037594795227,0.018363661776408698,0.01750073497612222
boehme,baseline,O0_intercept,Quaia_pmcut_G20.0_bmin30_pm_sig<2,30.0,20.0,2.0,,0,1.529037594795227,0.018363661776408698,0.017966069321736403
boehme,baseline,O0_intercept,Quaia_pmcut_G20.0_bmin30_pm_tot<0.5,30.0,20.0,,0.5,0,1.529037594795227,0.018363661776408698,0.013944389227584123
boehme,baseline,O0_intercept,Quaia_pmcut_G20.0_bmin30_pm_sig<3,30.0,20.0,3.0,,0,1.529037594795227,0.018363661776408698,0.014022136686887511
boehme,baseline,O0_intercept,Quaia_pmcut_G20.0_bmin30_pm_tot<1,30.0,20.0,,1.0,0,1.529037594795227,0.018363661776408698,0.012949902596864106
boehme,baseline,O0_intercept,Quaia_pmcut_G20.0_bmin30_none,30.0,20.0,,,1,1.529037594795227,0.018363661776408698,0.01274566330856166
boehme,baseline,O0_intercept,Quaia_pmcut_G20.5_bmin30_pm_tot<0.5,30.0,20.5,,0.5,0,1.55604088306427,0.018363661776408698,0.01920804035082792
boehme,baseline,O0_intercept,Quaia_pmcut_G20.5_bmin30_pm_sig<2,30.0,20.5,2.0,,0,1.55604088306427,0.018363661776408698,0.021901605619012072
boehme,baseline,O0_intercept,Quaia_pmcut_G20.5_bmin30_pm_tot<1&pm_sig<2,30.0,20.5,2.0,1.0,0,1.55604088306427,0.018363661776408698,0.02131911933833773
boehme,baseline,O0_intercept,Quaia_pmcut_G20.5_bmin30_pm_sig<3,30.0,20.5,3.0,,0,1.55604088306427,0.018363661776408698,0.018697756640242917
boehme,baseline,O0_intercept,Quaia_pmcut_G20.5_bmin30_pm_tot<1&pm_sig<3,30.0,20.5,3.0,1.0,0,1.55604088306427,0.018363661776408698,0.01869055170684781
boehme,baseline,O0_intercept,Quaia_pmcut_G20.5_bmin30_none,30.0,20.5,,,1,1.55604088306427,0.018363661776408698,0.017116549476027997
boehme,baseline,O0_intercept,Quaia_pmcut_G20.5_bmin30_pm_tot<1,30.0,20.5,,1.0,0,1.55604088306427,0.018363661776408698,0.018212409154867312
boehme,baseline,O0_intercept,Quaia_G20.5_pmSiglt2_z0p6p1p0,30.0,20.5,2.0,,0,0.8184481912564778,0.018363661776408698,0.026625969493732086
boehme,baseline,O0_intercept,Quaia_G20.5_pmSiglt2_z1p0p1p5,30.0,20.5,2.0,,0,1.2607082545033923,0.018363661776408698,0.019412620240889376
boehme,baseline,O0_intercept,Quaia_G20.5_pmSiglt2_z1p5p3p0,30.0,20.5,2.0,,0,2.057584213322741,0.018363661776408698,0.022101741422772735
boehme,baseline,O1_bmin,Quaia_G<20.0_pmSig_lt2_0p6_1p0,,,,,0,0.8180457891365732,0.0180585025323368,0.01694688127862179
boehme,baseline,O1_bmin,Quaia_G<20.0_pmSig_lt2_1p0_1p5,,,,,0,1.2593244815869629,0.0180585025323368,0.020282224116644126
boehme,baseline,O1_bmin,Quaia_G<20.0_pmSig_lt2_1p5_3p0,,,,,0,2.063375928734873,0.0180585025323368,0.017364447362823263
boehme,baseline,O1_bmin,Quaia_maskscan_G20.0_bmin20,20.0,,,,0,1.5216184854507446,0.023766137026938285,0.02117922175747725
boehme,baseline,O1_bmin,Quaia_maskscan_G20.0_bmin25,25.0,,,,0,1.525849223136902,0.02091231977963754,0.01839212231778127
boehme,baseline,O1_bmin,Quaia_maskscan_G20.0_bmin30,30.0,,,,0,1.529037594795227,0.0180585025323368,0.014458923205772847
boehme,baseline,O1_bmin,Quaia_maskscan_G20.0_bmin35,35.0,,,,0,1.531247854232788,0.01520468528503606,0.012908320391155428
boehme,baseline,O1_bmin,Quaia_maskscan_G20.5_bmin20,20.0,,,,0,1.5471723079681396,0.023766137026938285,0.026183579941729915
boehme,baseline,O1_bmin,Quaia_maskscan_G20.5_bmin25,25.0,,,,0,1.5523033142089844,0.02091231977963754,0.022489335853189657
boehme,baseline,O1_bmin,Quaia_maskscan_G20.5_bmin30,30.0,,,,0,1.55604088306427,0.0180585025323368,0.01968215263170548
boehme,baseline,O1_bmin,Quaia_maskscan_G20.5_bmin35,35.0,,,,0,1.5588762760162354,0.01520468528503606,0.01801810984874072
boehme,baseline,O1_bmin,Quaia_pmcut_G20.0_bmin30_pm_tot<1&pm_sig<2,30.0,20.0,2.0,1.0,0,1.529037594795227,0.0180585025323368,0.01750607825781928
boehme,baseline,O1_bmin,Quaia_pmcut_G20.0_bmin30_pm_sig<2,30.0,20.0,2.0,,0,1.529037594795227,0.0180585025323368,0.01796633605015708
boehme,baseline,O1_bmin,Quaia_pmcut_G20.0_bmin30_pm_tot<0.5,30.0,20.0,,0.5,0,1.529037594795227,0.0180585025323368,0.013945200449056953
boehme,baseline,O1_bmin,Quaia_pmcut_G20.0_bmin30_pm_sig<3,30.0,20.0,3.0,,0,1.529037594795227,0.0180585025323368,0.01401002780386934
boehme,baseline,O1_bmin,Quaia_pmcut_G20.0_bmin30_pm_tot<1,30.0,20.0,,1.0,0,1.529037594795227,0.0180585025323368,0.012934813357055555
boehme,baseline,O1_bmin,Quaia_pmcut_G20.0_bmin30_none,30.0,20.0,,,1,1.529037594795227,0.0180585025323368,0.012735408354182938
boehme,baseline,O1_bmin,Quaia_pmcut_G20.5_bmin30_pm_tot<0.5,30.0,20.5,,0.5,0,1.55604088306427,0.0180585025323368,0.019198723361884076
boehme,baseline,O1_bmin,Quaia_pmcut_G20.5_bmin30_pm_sig<2,30.0,20.5,2.0,,0,1.55604088306427,0.0180585025323368,0.021912492989244567
boehme,baseline,O1_bmin,Quaia_pmcut_G20.5_bmin30_pm_tot<1&pm_sig<2,30.0,20.5,2.0,1.0,0,1.55604088306427,0.0180585025323368,0.021315599607790562
boehme,baseline,O1_bmin,Quaia_pmcut_G20.5_bmin30_pm_sig<3,30.0,20.5,3.0,,0,1.55604088306427,0.0180585025323368,0.01869924714236271
boehme,baseline,O1_bmin,Quaia_pmcut_G20.5_bmin30_pm_tot<1&pm_sig<3,30.0,20.5,3.0,1.0,0,1.55604088306427,0.0180585025323368,0.0186699213649135
boehme,baseline,O1_bmin,Quaia_pmcut_G20.5_bmin30_none,30.0,20.5,,,1,1.55604088306427,0.0180585025323368,0.017124771394418103
boehme,baseline,O1_bmin,Quaia_pmcut_G20.5_bmin30_pm_tot<1,30.0,20.5,,1.0,0,1.55604088306427,0.0180585025323368,0.018190835708813288
boehme,baseline,O1_bmin,Quaia_G20.5_pmSiglt2_z0p6p1p0,30.0,20.5,2.0,,0,0.8184481912564778,0.0180585025323368,0.02666781662939768
boehme,baseline,O1_bmin,Quaia_G20.5_pmSiglt2_z1p0p1p5,30.0,20.5,2.0,,0,1.2607082545033923,0.0180585025323368,0.019466049540157782
boehme,baseline,O1_bmin,Quaia_G20.5_pmSiglt2_z1p5p3p0,30.0,20.5,2.0,,0,2.057584213322741,0.0180585025323368,0.02208237808566521
boehme,baseline,O2_bmin_mag,Quaia_G<20.0_pmSig_lt2_0p6_1p0,,,,,0,0.8180457891365732,0.016824559210560076,0.016948729349068024
boehme,baseline,O2_bmin_mag,Quaia_G<20.0_pmSig_lt2_1p0_1p5,,,,,0,1.2593244815869629,0.016824559210560076,0.020273629198069833
boehme,baseline,O2_bmin_mag,Quaia_G<20.0_pmSig_lt2_1p5_3p0,,,,,0,2.063375928734873,0.016824559210560076,0.017198346278423416
boehme,baseline,O2_bmin_mag,Quaia_maskscan_G20.0_bmin20,20.0,,,,0,1.5216184854507446,0.02355156352942111,0.021014733368194396
boehme,baseline,O2_bmin_mag,Quaia_maskscan_G20.0_bmin25,25.0,,,,0,1.525849223136902,0.020188061369990594,0.01826994644853857
boehme,baseline,O2_bmin_mag,Quaia_maskscan_G20.0_bmin30,30.0,,,,0,1.529037594795227,0.016824559210560076,0.014347389966797162
boehme,baseline,O2_bmin_mag,Quaia_maskscan_G20.0_bmin35,35.0,,,,0,1.531247854232788,0.01346105705112956,0.01282372344800979
boehme,baseline,O2_bmin_mag,Quaia_maskscan_G20.5_bmin20,20.0,,,,0,1.5471723079681396,0.02355156352942111,0.02616760286020134
boehme,baseline,O2_bmin_mag,Quaia_maskscan_G20.5_bmin25,25.0,,,,0,1.5523033142089844,0.020188061369990594,0.02248931804262384
boehme,baseline,O2_bmin_mag,Quaia_maskscan_G20.5_bmin30,30.0,,,,0,1.55604088306427,0.016824559210560076,0.019692868519519655
boehme,baseline,O2_bmin_mag,Quaia_maskscan_G20.5_bmin35,35.0,,,,0,1.5588762760162354,0.01346105705112956,0.018012174780933386
boehme,baseline,O2_bmin_mag,Quaia_pmcut_G20.0_bmin30_pm_tot<1&pm_sig<2,30.0,20.0,2.0,1.0,0,1.529037594795227,0.016824559210560076,0.017436187681040837
boehme,baseline,O2_bmin_mag,Quaia_pmcut_G20.0_bmin30_pm_sig<2,30.0,20.0,2.0,,0,1.529037594795227,0.016824559210560076,0.017868185794737142
boehme,baseline,O2_bmin_mag,Quaia_pmcut_G20.0_bmin30_pm_tot<0.5,30.0,20.0,,0.5,0,1.529037594795227,0.016824559210560076,0.013988934271499106
boehme,baseline,O2_bmin_mag,Quaia_pmcut_G20.0_bmin30_pm_sig<3,30.0,20.0,3.0,,0,1.529037594795227,0.016824559210560076,0.013895818718520433
boehme,baseline,O2_bmin_mag,Quaia_pmcut_G20.0_bmin30_pm_tot<1,30.0,20.0,,1.0,0,1.529037594795227,0.016824559210560076,0.012861883526628705
boehme,baseline,O2_bmin_mag,Quaia_pmcut_G20.0_bmin30_none,30.0,20.0,,,1,1.529037594795227,0.016824559210560076,0.012607079387978943
boehme,baseline,O2_bmin_mag,Quaia_pmcut_G20.5_bmin30_pm_tot<0.5,30.0,20.5,,0.5,0,1.55604088306427,0.019635006346776094,0.01931472348906651
boehme,baseline,O2_bmin_mag,Quaia_pmcut_G20.5_bmin30_pm_sig<2,30.0,20.5,2.0,,0,1.55604088306427,0.019635006346776094,0.021972566943589608
boehme,baseline,O2_bmin_mag,Quaia_pmcut_G20.5_bmin30_pm_tot<1&pm_sig<2,30.0,20.5,2.0,1.0,0,1.55604088306427,0.019635006346776094,0.02136182687958164
boehme,baseline,O2_bmin_mag,Quaia_pmcut_G20.5_bmin30_pm_sig<3,30.0,20.5,3.0,,0,1.55604088306427,0.019635006346776094,0.01873980551310126
boehme,baseline,O2_bmin_mag,Quaia_pmcut_G20.5_bmin30_pm_tot<1&pm_sig<3,30.0,20.5,3.0,1.0,0,1.55604088306427,0.019635006346776094,0.01870258655795849
boehme,baseline,O2_bmin_mag,Quaia_pmcut_G20.5_bmin30_none,30.0,20.5,,,1,1.55604088306427,0.019635006346776094,0.017140595082392903
boehme,baseline,O2_bmin_mag,Quaia_pmcut_G20.5_bmin30_pm_tot<1,30.0,20.5,,1.0,0,1.55604088306427,0.019635006346776094,0.01822572273382315
boehme,baseline,O2_bmin_mag,Quaia_G20.5_pmSiglt2_z0p6p1p0,30.0,20.5,2.0,,0,0.8184481912564778,0.019635006346776094,0.026710935257501345
boehme,baseline,O2_bmin_mag,Quaia_G20.5_pmSiglt2_z1p0p1p5,30.0,20.5,2.0,,0,1.2607082545033923,0.019635006346776094,0.019624796380814307
boehme,baseline,O2_bmin_mag,Quaia_G20.5_pmSiglt2_z1p5p3p0,30.0,20.5,2.0,,0,2.057584213322741,0.019635006346776094,0.02211400691139432
boehme,baseline,O3_bmin_mag_pm,Quaia_G<20.0_pmSig_lt2_0p6_1p0,,,,,0,0.8180457891365732,0.01838997681622808,0.017012155130332555
boehme,baseline,O3_bmin_mag_pm,Quaia_G<20.0_pmSig_lt2_1p0_1p5,,,,,0,1.2593244815869629,0.01838997681622808,0.020324803680735592
boehme,baseline,O3_bmin_mag_pm,Quaia_G<20.0_pmSig_lt2_1p5_3p0,,,,,0,2.063375928734873,0.01838997681622808,0.017234809463495884
boehme,baseline,O3_bmin_mag_pm,Quaia_maskscan_G20.0_bmin20,20.0,,,,0,1.5216184854507446,0.024027511567889282,0.021064637848623034
boehme,baseline,O3_bmin_mag_pm,Quaia_maskscan_G20.0_bmin25,25.0,,,,0,1.525849223136902,0.02120874419205868,0.01831520595921513
boehme,baseline,O3_bmin_mag_pm,Quaia_maskscan_G20.0_bmin30,30.0,,,,0,1.529037594795227,0.01838997681622808,0.014387733384548618
boehme,baseline,O3_bmin_mag_pm,Quaia_maskscan_G20.0_bmin35,35.0,,,,0,1.531247854232788,0.01557120944039748,0.01285729664049642
boehme,baseline,O3_bmin_mag_pm,Quaia_maskscan_G20.5_bmin20,20.0,,,,0,1.5471723079681396,0.024027511567889282,0.026216595802515886
boehme,baseline,O3_bmin_mag_pm,Quaia_maskscan_G20.5_bmin25,25.0,,,,0,1.5523033142089844,0.02120874419205868,0.02253185790584223
boehme,baseline,O3_bmin_mag_pm,Quaia_maskscan_G20.5_bmin30,30.0,,,,0,1.55604088306427,0.01838997681622808,0.019729169314125338
boehme,baseline,O3_bmin_mag_pm,Quaia_maskscan_G20.5_bmin35,35.0,,,,0,1.5588762760162354,0.01557120944039748,0.018041161623374845
boehme,baseline,O3_bmin_mag_pm,Quaia_pmcut_G20.0_bmin30_pm_tot<1&pm_sig<2,30.0,20.0,2.0,1.0,0,1.529037594795227,0.015877331291361197,0.017479589471976777
boehme,baseline,O3_bmin_mag_pm,Quaia_pmcut_G20.0_bmin30_pm_sig<2,30.0,20.0,2.0,,0,1.529037594795227,0.015986087791971953,0.017911677869173838
boehme,baseline,O3_bmin_mag_pm,Quaia_pmcut_G20.0_bmin30_pm_tot<0.5,30.0,20.0,,0.5,0,1.529037594795227,0.015253359272923088,0.014025833610723373
boehme,baseline,O3_bmin_mag_pm,Quaia_pmcut_G20.0_bmin30_pm_sig<3,30.0,20.0,3.0,,0,1.529037594795227,0.016325262926343693,0.013937064777856948
boehme,baseline,O3_bmin_mag_pm,Quaia_pmcut_G20.0_bmin30_pm_tot<1,30.0,20.0,,1.0,0,1.529037594795227,0.01519898102261771,0.012900435598314077
boehme,baseline,O3_bmin_mag_pm,Quaia_pmcut_G20.0_bmin30_none,30.0,20.0,,,1,1.529037594795227,0.013204762989958634,0.012649470775928585
boehme,baseline,O3_bmin_mag_pm,Quaia_pmcut_G20.5_bmin30_pm_tot<0.5,30.0,20.5,,0.5,0,1.55604088306427,0.01868908383190938,0.01934519188421111
boehme,baseline,O3_bmin_mag_pm,Quaia_pmcut_G20.5_bmin30_pm_sig<2,30.0,20.5,2.0,,0,1.55604088306427,0.019421812350958245,0.0220106627384602
boehme,baseline,O3_bmin_mag_pm,Quaia_pmcut_G20.5_bmin30_pm_tot<1&pm_sig<2,30.0,20.5,2.0,1.0,0,1.55604088306427,0.01931305585034749,0.0213970331227395
boehme,baseline,O3_bmin_mag_pm,Quaia_pmcut_G20.5_bmin30_pm_sig<3,30.0,20.5,3.0,,0,1.55604088306427,0.019760987485329985,0.018776547576783577
boehme,baseline,O3_bmin_mag_pm,Quaia_pmcut_G20.5_bmin30_pm_tot<1&pm_sig<3,30.0,20.5,3.0,1.0,0,1.55604088306427,0.01965223098471923,0.01873424445496851
boehme,baseline,O3_bmin_mag_pm,Quaia_pmcut_G20.5_bmin30_none,30.0,20.5,,,1,1.55604088306427,0.016640487548944927,0.017180196415716463
boehme,baseline,O3_bmin_mag_pm,Quaia_pmcut_G20.5_bmin30_pm_tot<1,30.0,20.5,,1.0,0,1.55604088306427,0.018634705581604002,0.018257046969138477
boehme,baseline,O3_bmin_mag_pm,Quaia_G20.5_pmSiglt2_z0p6p1p0,30.0,20.5,2.0,,0,0.8184481912564778,0.02250405164395786,0.02677952377395301
boehme,baseline,O3_bmin_mag_pm,Quaia_G20.5_pmSiglt2_z1p0p1p5,30.0,20.5,2.0,,0,1.2607082545033923,0.02250405164395786,0.019674379139198485
boehme,baseline,O3_bmin_mag_pm,Quaia_G20.5_pmSiglt2_z1p5p3p0,30.0,20.5,2.0,,0,2.057584213322741,0.02250405164395786,0.02214016300192437
boehme,baseline,O4_full_plus_z,Quaia_G<20.0_pmSig_lt2_0p6_1p0,,,,,0,0.8180457891365732,0.020304510906477467,0.017291851648856636
boehme,baseline,O4_full_plus_z,Quaia_G<20.0_pmSig_lt2_1p0_1p5,,,,,0,1.2593244815869629,0.01930913387625287,0.02053952040426187
boehme,baseline,O4_full_plus_z,Quaia_G<20.0_pmSig_lt2_1p5_3p0,,,,,0,2.063375928734873,0.01749546293473137,0.017353248131397516
boehme,baseline,O4_full_plus_z,Quaia_maskscan_G20.0_bmin20,20.0,,,,0,1.5216184854507446,0.0243008131906766,0.021231888688877817
boehme,baseline,O4_full_plus_z,Quaia_maskscan_G20.0_bmin25,25.0,,,,0,1.525849223136902,0.021499606665032308,0.018479025319246816
boehme,baseline,O4_full_plus_z,Quaia_maskscan_G20.0_bmin30,30.0,,,,0,1.529037594795227,0.01870075136825753,0.014540383506096037
boehme,baseline,O4_full_plus_z,Quaia_maskscan_G20.0_bmin35,35.0,,,,0,1.531247854232788,0.01590410236526985,0.012996901061225061
boehme,baseline,O4_full_plus_z,Quaia_maskscan_G20.5_bmin20,20.0,,,,0,1.5471723079681396,0.02424317232017137,0.026413425689114246
boehme,baseline,O4_full_plus_z,Quaia_maskscan_G20.5_bmin25,25.0,,,,0,1.5523033142089844,0.021439935089995674,0.02271426720082429
boehme,baseline,O4_full_plus_z,Quaia_maskscan_G20.5_bmin30,30.0,,,,0,1.55604088306427,0.018639840988165794,0.01989651257914521
boehme,baseline,O4_full_plus_z,Quaia_maskscan_G20.5_bmin35,35.0,,,,0,1.5588762760162354,0.01584178189320742,0.01818408538336793
boehme,baseline,O4_full_plus_z,Quaia_pmcut_G20.0_bmin30_pm_tot<1&pm_sig<2,30.0,20.0,2.0,1.0,0,1.529037594795227,0.016039326152381003,0.017649940862447568
boehme,baseline,O4_full_plus_z,Quaia_pmcut_G20.0_bmin30_pm_sig<2,30.0,20.0,2.0,,0,1.529037594795227,0.016137102168857435,0.018075855835207478
boehme,baseline,O4_full_plus_z,Quaia_pmcut_G20.0_bmin30_pm_tot<0.5,30.0,20.0,,0.5,0,1.529037594795227,0.01538083861789318,0.01420376097294153
boehme,baseline,O4_full_plus_z,Quaia_pmcut_G20.0_bmin30_pm_sig<3,30.0,20.0,3.0,,0,1.529037594795227,0.016490789940220456,0.014091736072122801
boehme,baseline,O4_full_plus_z,Quaia_pmcut_G20.0_bmin30_pm_tot<1,30.0,20.0,,1.0,0,1.529037594795227,0.015331950609654964,0.013056888043885976
boehme,baseline,O4_full_plus_z,Quaia_pmcut_G20.0_bmin30_none,30.0,20.0,,,1,1.529037594795227,0.013351654131013205,0.012804378151524383
boehme,baseline,O4_full_plus_z,Quaia_pmcut_G20.5_bmin30_pm_tot<0.5,30.0,20.5,,0.5,0,1.55604088306427,0.018877724702456362,0.019519745533261423
boehme,baseline,O4_full_plus_z,Quaia_pmcut_G20.5_bmin30_pm_sig<2,30.0,20.5,2.0,,0,1.55604088306427,0.01963398825342062,0.022193957132003693
boehme,baseline,O4_full_plus_z,Quaia_pmcut_G20.5_bmin30_pm_tot<1&pm_sig<2,30.0,20.5,2.0,1.0,0,1.55604088306427,0.019536212236944184,0.021569062315470403
boehme,baseline,O4_full_plus_z,Quaia_pmcut_G20.5_bmin30_pm_sig<3,30.0,20.5,3.0,,0,1.55604088306427,0.01998767602478364,0.01895199949161904
boehme,baseline,O4_full_plus_z,Quaia_pmcut_G20.5_bmin30_pm_tot<1&pm_sig<3,30.0,20.5,3.0,1.0,0,1.55604088306427,0.019889900008307204,0.01889345906076822
boehme,baseline,O4_full_plus_z,Quaia_pmcut_G20.5_bmin30_none,30.0,20.5,,,1,1.55604088306427,0.01684854021557639,0.017358404292953256
boehme,baseline,O4_full_plus_z,Quaia_pmcut_G20.5_bmin30_pm_tot<1,30.0,20.5,,1.0,0,1.55604088306427,0.018828836694218143,0.01841587434156392
boehme,baseline,O4_full_plus_z,Quaia_G20.5_pmSiglt2_z0p6p1p0,30.0,20.5,2.0,,0,0.8184481912564778,0.024568775229363526,0.027081936563438255
boehme,baseline,O4_full_plus_z,Quaia_G20.5_pmSiglt2_z1p0p1p5,30.0,20.5,2.0,,0,1.2607082545033923,0.023571184555095593,0.019922347880032366
boehme,baseline,O4_full_plus_z,Quaia_G20.5_pmSiglt2_z1p5p3p0,30.0,20.5,2.0,,0,2.057584213322741,0.021773699113542908,0.022273351318911262
boehme,2MRS_clean,O0_intercept,Quaia_G<20.0_pmSig_lt2_0p6_1p0,,,,,0,0.8180457891365732,0.018369295140729967,0.016927059682106428
boehme,2MRS_clean,O0_intercept,Quaia_G<20.0_pmSig_lt2_1p0_1p5,,,,,0,1.2593244815869629,0.018369295140729967,0.020257852654715535
boehme,2MRS_clean,O0_intercept,Quaia_G<20.0_pmSig_lt2_1p5_3p0,,,,,0,2.063375928734873,0.018369295140729967,0.0173722747415669
boehme,2MRS_clean,O0_intercept,Quaia_maskscan_G20.0_bmin20,20.0,,,,0,1.5216184854507446,0.018369295140729967,0.02116956350832235
boehme,2MRS_clean,O0_intercept,Quaia_maskscan_G20.0_bmin25,25.0,,,,0,1.525849223136902,0.018369295140729967,0.018386784285208152
boehme,2MRS_clean,O0_intercept,Quaia_maskscan_G20.0_bmin30,30.0,,,,0,1.529037594795227,0.018369295140729967,0.014463141161852561
boehme,2MRS_clean,O0_intercept,Quaia_maskscan_G20.0_bmin35,35.0,,,,0,1.531247854232788,0.018369295140729967,0.01292386757398438
boehme,2MRS_clean,O0_intercept,Quaia_maskscan_G20.5_bmin20,20.0,,,,0,1.5471723079681396,0.018369295140729967,0.02615362326147404
boehme,2MRS_clean,O0_intercept,Quaia_maskscan_G20.5_bmin25,25.0,,,,0,1.5523033142089844,0.018369295140729967,0.022471558469635205
boehme,2MRS_clean,O0_intercept,Quaia_maskscan_G20.5_bmin30,30.0,,,,0,1.55604088306427,0.018369295140729967,0.019676837716533797
boehme,2MRS_clean,O0_intercept,Quaia_maskscan_G20.5_bmin35,35.0,,,,0,1.5588762760162354,0.018369295140729967,0.018031596273771034
boehme,2MRS_clean,O0_intercept,Quaia_pmcut_G20.0_bmin30_pm_tot<1&pm_sig<2,30.0,20.0,2.0,1.0,0,1.529037594795227,0.018369295140729967,0.0174973298888222
boehme,2MRS_clean,O0_intercept,Quaia_pmcut_G20.0_bmin30_pm_sig<2,30.0,20.0,2.0,,0,1.529037594795227,0.018369295140729967,0.017961428998052753
boehme,2MRS_clean,O0_intercept,Quaia_pmcut_G20.0_bmin30_pm_tot<0.5,30.0,20.0,,0.5,0,1.529037594795227,0.018369295140729967,0.013934867011228634
boehme,2MRS_clean,O0_intercept,Quaia_pmcut_G20.0_bmin30_pm_sig<3,30.0,20.0,3.0,,0,1.529037594795227,0.018369295140729967,0.014012617541469612
boehme,2MRS_clean,O0_intercept,Quaia_pmcut_G20.0_bmin30_pm_tot<1,30.0,20.0,,1.0,0,1.529037594795227,0.018369295140729967,0.01293756490658207
boehme,2MRS_clean,O0_intercept,Quaia_pmcut_G20.0_bmin30_none,30.0,20.0,,,1,1.529037594795227,0.018369295140729967,0.012737498302912525
boehme,2MRS_clean,O0_intercept,Quaia_pmcut_G20.5_bmin30_pm_tot<0.5,30.0,20.5,,0.5,0,1.55604088306427,0.018369295140729967,0.01919140594569619
boehme,2MRS_clean,O0_intercept,Quaia_pmcut_G20.5_bmin30_pm_sig<2,30.0,20.5,2.0,,0,1.55604088306427,0.018369295140729967,0.021895971775209005
boehme,2MRS_clean,O0_intercept,Quaia_pmcut_G20.5_bmin30_pm_tot<1&pm_sig<2,30.0,20.5,2.0,1.0,0,1.55604088306427,0.018369295140729967,0.021307583778837375
boehme,2MRS_clean,O0_intercept,Quaia_pmcut_G20.5_bmin30_pm_sig<3,30.0,20.5,3.0,,0,1.55604088306427,0.018369295140729967,0.01868868743809755
boehme,2MRS_clean,O0_intercept,Quaia_pmcut_G20.5_bmin30_pm_tot<1&pm_sig<3,30.0,20.5,3.0,1.0,0,1.55604088306427,0.018369295140729967,0.01867192384129149
boehme,2MRS_clean,O0_intercept,Quaia_pmcut_G20.5_bmin30_none,30.0,20.5,,,1,1.55604088306427,0.018369295140729967,0.017111395677975056
boehme,2MRS_clean,O0_intercept,Quaia_pmcut_G20.5_bmin30_pm_tot<1,30.0,20.5,,1.0,0,1.55604088306427,0.018369295140729967,0.018193285953713143
boehme,2MRS_clean,O0_intercept,Quaia_G20.5_pmSiglt2_z0p6p1p0,30.0,20.5,2.0,,0,0.8184481912564778,0.018369295140729967,0.026630066821620824
boehme,2MRS_clean,O0_intercept,Quaia_G20.5_pmSiglt2_z1p0p1p5,30.0,20.5,2.0,,0,1.2607082545033923,0.018369295140729967,0.019421171932411635
boehme,2MRS_clean,O0_intercept,Quaia_G20.5_pmSiglt2_z1p5p3p0,30.0,20.5,2.0,,0,2.057584213322741,0.018369295140729967,0.022084893643525293
boehme,2MRS_clean,O1_bmin,Quaia_G<20.0_pmSig_lt2_0p6_1p0,,,,,0,0.8180457891365732,0.018052756922807795,0.016937105999966905
boehme,2MRS_clean,O1_bmin,Quaia_G<20.0_pmSig_lt2_1p0_1p5,,,,,0,1.2593244815869629,0.018052756922807795,0.02028257335659849
boehme,2MRS_clean,O1_bmin,Quaia_G<20.0_pmSig_lt2_1p5_3p0,,,,,0,2.063375928734873,0.018052756922807795,0.01735515731790579
boehme,2MRS_clean,O1_bmin,Quaia_maskscan_G20.0_bmin20,20.0,,,,0,1.5216184854507446,0.02379858551325853,0.021179919428398683
boehme,2MRS_clean,O1_bmin,Quaia_maskscan_G20.0_bmin25,25.0,,,,0,1.525849223136902,0.020925671218033164,0.01838734823621551
boehme,2MRS_clean,O1_bmin,Quaia_maskscan_G20.0_bmin30,30.0,,,,0,1.529037594795227,0.018052756922807795,0.014446755991330242
boehme,2MRS_clean,O1_bmin,Quaia_maskscan_G20.0_bmin35,35.0,,,,0,1.531247854232788,0.015179842627582428,0.012886421368831303
boehme,2MRS_clean,O1_bmin,Quaia_maskscan_G20.5_bmin20,20.0,,,,0,1.5471723079681396,0.02379858551325853,0.02619033577611985
boehme,2MRS_clean,O1_bmin,Quaia_maskscan_G20.5_bmin25,25.0,,,,0,1.5523033142089844,0.020925671218033164,0.022486483276229898
boehme,2MRS_clean,O1_bmin,Quaia_maskscan_G20.5_bmin30,30.0,,,,0,1.55604088306427,0.018052756922807795,0.01966974710849935
boehme,2MRS_clean,O1_bmin,Quaia_maskscan_G20.5_bmin35,35.0,,,,0,1.5588762760162354,0.015179842627582428,0.017993089504439428
boehme,2MRS_clean,O1_bmin,Quaia_pmcut_G20.0_bmin30_pm_tot<1&pm_sig<2,30.0,20.0,2.0,1.0,0,1.529037594795227,0.018052756922807795,0.017500789569880836
boehme,2MRS_clean,O1_bmin,Quaia_pmcut_G20.0_bmin30_pm_sig<2,30.0,20.0,2.0,,0,1.529037594795227,0.018052756922807795,0.01795988440534173
boehme,2MRS_clean,O1_bmin,Quaia_pmcut_G20.0_bmin30_pm_tot<0.5,30.0,20.0,,0.5,0,1.529037594795227,0.018052756922807795,0.013934579304984034
boehme,2MRS_clean,O1_bmin,Quaia_pmcut_G20.0_bmin30_pm_sig<3,30.0,20.0,3.0,,0,1.529037594795227,0.018052756922807795,0.013999217868868655
boehme,2MRS_clean,O1_bmin,Quaia_pmcut_G20.0_bmin30_pm_tot<1,30.0,20.0,,1.0,0,1.529037594795227,0.018052756922807795,0.012921521338632806
boehme,2MRS_clean,O1_bmin,Quaia_pmcut_G20.0_bmin30_none,30.0,20.0,,,1,1.529037594795227,0.018052756922807795,0.012725835001223774
boehme,2MRS_clean,O1_bmin,Quaia_pmcut_G20.5_bmin30_pm_tot<0.5,30.0,20.5,,0.5,0,1.55604088306427,0.018052756922807795,0.01918165427419464
boehme,2MRS_clean,O1_bmin,Quaia_pmcut_G20.5_bmin30_pm_sig<2,30.0,20.5,2.0,,0,1.55604088306427,0.018052756922807795,0.02190526876643529
boehme,2MRS_clean,O1_bmin,Quaia_pmcut_G20.5_bmin30_pm_tot<1&pm_sig<2,30.0,20.5,2.0,1.0,0,1.55604088306427,0.018052756922807795,0.0213030230315737
boehme,2MRS_clean,O1_bmin,Quaia_pmcut_G20.5_bmin30_pm_sig<3,30.0,20.5,3.0,,0,1.55604088306427,0.018052756922807795,0.018688953081420854
boehme,2MRS_clean,O1_bmin,Quaia_pmcut_G20.5_bmin30_pm_tot<1&pm_sig<3,30.0,20.5,3.0,1.0,0,1.55604088306427,0.018052756922807795,0.01865095643983458
boehme,2MRS_clean,O1_bmin,Quaia_pmcut_G20.5_bmin30_none,30.0,20.5,,,1,1.55604088306427,0.018052756922807795,0.017118028353006888
boehme,2MRS_clean,O1_bmin,Quaia_pmcut_G20.5_bmin30_pm_tot<1,30.0,20.5,,1.0,0,1.55604088306427,0.018052756922807795,0.01817143454436495
boehme,2MRS_clean,O1_bmin,Quaia_G20.5_pmSiglt2_z0p6p1p0,30.0,20.5,2.0,,0,0.8184481912564778,0.018052756922807795,0.026668295654958964
boehme,2MRS_clean,O1_bmin,Quaia_G20.5_pmSiglt2_z1p0p1p5,30.0,20.5,2.0,,0,1.2607082545033923,0.018052756922807795,0.019471594349794813
boehme,2MRS_clean,O1_bmin,Quaia_G20.5_pmSiglt2_z1p5p3p0,30.0,20.5,2.0,,0,2.057584213322741,0.018052756922807795,0.022065216780344923
boehme,2MRS_clean,O2_bmin_mag,Quaia_G<20.0_pmSig_lt2_0p6_1p0,,,,,0,0.8180457891365732,0.016811886297007056,0.01694239465628115
boehme,2MRS_clean,O2_bmin_mag,Quaia_G<20.0_pmSig_lt2_1p0_1p5,,,,,0,1.2593244815869629,0.016811886297007056,0.020275767497398543
boehme,2MRS_clean,O2_bmin_mag,Quaia_G<20.0_pmSig_lt2_1p5_3p0,,,,,0,2.063375928734873,0.016811886297007056,0.017189448313267627
boehme,2MRS_clean,O2_bmin_mag,Quaia_maskscan_G20.0_bmin20,20.0,,,,0,1.5216184854507446,0.023601966681543577,0.021015404642011556
boehme,2MRS_clean,O2_bmin_mag,Quaia_maskscan_G20.0_bmin25,25.0,,,,0,1.525849223136902,0.020206926489275318,0.018265975482533538
boehme,2MRS_clean,O2_bmin_mag,Quaia_maskscan_G20.0_bmin30,30.0,,,,0,1.529037594795227,0.016811886297007056,0.014336694398303354
boehme,2MRS_clean,O2_bmin_mag,Quaia_maskscan_G20.0_bmin35,35.0,,,,0,1.531247854232788,0.013416846104738795,0.012804259109640812
boehme,2MRS_clean,O2_bmin_mag,Quaia_maskscan_G20.5_bmin20,20.0,,,,0,1.5471723079681396,0.023601966681543577,0.026175282560177537
boehme,2MRS_clean,O2_bmin_mag,Quaia_maskscan_G20.5_bmin25,25.0,,,,0,1.5523033142089844,0.020206926489275318,0.022488260682595438
boehme,2MRS_clean,O2_bmin_mag,Quaia_maskscan_G20.5_bmin30,30.0,,,,0,1.55604088306427,0.016811886297007056,0.019683064418176063
boehme,2MRS_clean,O2_bmin_mag,Quaia_maskscan_G20.5_bmin35,35.0,,,,0,1.5588762760162354,0.013416846104738795,0.01799049419508994
boehme,2MRS_clean,O2_bmin_mag,Quaia_pmcut_G20.0_bmin30_pm_tot<1&pm_sig<2,30.0,20.0,2.0,1.0,0,1.529037594795227,0.016811886297007056,0.017432259531725107
boehme,2MRS_clean,O2_bmin_mag,Quaia_pmcut_G20.0_bmin30_pm_sig<2,30.0,20.0,2.0,,0,1.529037594795227,0.016811886297007056,0.017862893164585825
boehme,2MRS_clean,O2_bmin_mag,Quaia_pmcut_G20.0_bmin30_pm_tot<0.5,30.0,20.0,,0.5,0,1.529037594795227,0.016811886297007056,0.013981205856662616
boehme,2MRS_clean,O2_bmin_mag,Quaia_pmcut_G20.0_bmin30_pm_sig<3,30.0,20.0,3.0,,0,1.529037594795227,0.016811886297007056,0.01388636478931899
boehme,2MRS_clean,O2_bmin_mag,Quaia_pmcut_G20.0_bmin30_pm_tot<1,30.0,20.0,,1.0,0,1.529037594795227,0.016811886297007056,0.012850539558389221
boehme,2MRS_clean,O2_bmin_mag,Quaia_pmcut_G20.0_bmin30_none,30.0,20.0,,,1,1.529037594795227,0.016811886297007056,0.012598652921920658
boehme,2MRS_clean,O2_bmin_mag,Quaia_pmcut_G20.5_bmin30_pm_tot<0.5,30.0,20.5,,0.5,0,1.55604088306427,0.019639385228899242,0.019301620938639352
boehme,2MRS_clean,O2_bmin_mag,Quaia_pmcut_G20.5_bmin30_pm_sig<2,30.0,20.5,2.0,,0,1.55604088306427,0.019639385228899242,0.021968037714665475
boehme,2MRS_clean,O2_bmin_mag,Quaia_pmcut_G20.5_bmin30_pm_tot<1&pm_sig<2,30.0,20.5,2.0,1.0,0,1.55604088306427,0.019639385228899242,0.021352191588751762
boehme,2MRS_clean,O2_bmin_mag,Quaia_pmcut_G20.5_bmin30_pm_sig<3,30.0,20.5,3.0,,0,1.55604088306427,0.019639385228899242,0.018732270061444505
boehme,2MRS_clean,O2_bmin_mag,Quaia_pmcut_G20.5_bmin30_pm_tot<1&pm_sig<3,30.0,20.5,3.0,1.0,0,1.55604088306427,0.019639385228899242,0.018686910117123586
boehme,2MRS_clean,O2_bmin_mag,Quaia_pmcut_G20.5_bmin30_none,30.0,20.5,,,1,1.55604088306427,0.019639385228899242,0.01713613916518037
boehme,2MRS_clean,O2_bmin_mag,Quaia_pmcut_G20.5_bmin30_pm_tot<1,30.0,20.5,,1.0,0,1.55604088306427,0.019639385228899242,0.01820966836706475
boehme,2MRS_clean,O2_bmin_mag,Quaia_G20.5_pmSiglt2_z0p6p1p0,30.0,20.5,2.0,,0,0.8184481912564778,0.019639385228899242,0.026714419297208827
boehme,2MRS_clean,O2_bmin_mag,Quaia_G20.5_pmSiglt2_z1p0p1p5,30.0,20.5,2.0,,0,1.2607082545033923,0.019639385228899242,0.019633416487342126
boehme,2MRS_clean,O2_bmin_mag,Quaia_G20.5_pmSiglt2_z1p5p3p0,30.0,20.5,2.0,,0,2.057584213322741,0.019639385228899242,0.022099671509968756
boehme,2MRS_clean,O3_bmin_mag_pm,Quaia_G<20.0_pmSig_lt2_0p6_1p0,,,,,0,0.8180457891365732,0.01836651537151023,0.016999038481928654
boehme,2MRS_clean,O3_bmin_mag_pm,Quaia_G<20.0_pmSig_lt2_1p0_1p5,,,,,0,1.2593244815869629,0.01836651537151023,0.020320252041539383
boehme,2MRS_clean,O3_bmin_mag_pm,Quaia_G<20.0_pmSig_lt2_1p5_3p0,,,,,0,2.063375928734873,0.01836651537151023,0.01721892071733246
boehme,2MRS_clean,O3_bmin_mag_pm,Quaia_maskscan_G20.0_bmin20,20.0,,,,0,1.5216184854507446,0.024056610965405286,0.021055531356128025
boehme,2MRS_clean,O3_bmin_mag_pm,Quaia_maskscan_G20.0_bmin25,25.0,,,,0,1.525849223136902,0.021211563168457757,0.018303544803296337
boehme,2MRS_clean,O3_bmin_mag_pm,Quaia_maskscan_G20.0_bmin30,30.0,,,,0,1.529037594795227,0.01836651537151023,0.014371051108118918
boehme,2MRS_clean,O3_bmin_mag_pm,Quaia_maskscan_G20.0_bmin35,35.0,,,,0,1.531247854232788,0.0155214675745627,0.012834348519104099
boehme,2MRS_clean,O3_bmin_mag_pm,Quaia_maskscan_G20.5_bmin20,20.0,,,,0,1.5471723079681396,0.024056610965405286,0.026216905397344253
boehme,2MRS_clean,O3_bmin_mag_pm,Quaia_maskscan_G20.5_bmin25,25.0,,,,0,1.5523033142089844,0.021211563168457757,0.02252567982981803
boehme,2MRS_clean,O3_bmin_mag_pm,Quaia_maskscan_G20.5_bmin30,30.0,,,,0,1.55604088306427,0.01836651537151023,0.01971634446202897
boehme,2MRS_clean,O3_bmin_mag_pm,Quaia_maskscan_G20.5_bmin35,35.0,,,,0,1.5588762760162354,0.0155214675745627,0.018018466127579253
boehme,2MRS_clean,O3_bmin_mag_pm,Quaia_pmcut_G20.0_bmin30_pm_tot<1&pm_sig<2,30.0,20.0,2.0,1.0,0,1.529037594795227,0.015864897011704307,0.01746933734249984
boehme,2MRS_clean,O3_bmin_mag_pm,Quaia_pmcut_G20.0_bmin30_pm_sig<2,30.0,20.0,2.0,,0,1.529037594795227,0.015976672014173014,0.017899598570632603
boehme,2MRS_clean,O3_bmin_mag_pm,Quaia_pmcut_G20.0_bmin30_pm_tot<0.5,30.0,20.0,,0.5,0,1.529037594795227,0.01524101487090302,0.014015549021965881
boehme,2MRS_clean,O3_bmin_mag_pm,Quaia_pmcut_G20.0_bmin30_pm_sig<3,30.0,20.0,3.0,,0,1.529037594795227,0.016316556835190833,0.013921309743626636
boehme,2MRS_clean,O3_bmin_mag_pm,Quaia_pmcut_G20.0_bmin30_pm_tot<1,30.0,20.0,,1.0,0,1.529037594795227,0.015185127369668667,0.012884259383104066
boehme,2MRS_clean,O3_bmin_mag_pm,Quaia_pmcut_G20.0_bmin30_none,30.0,20.0,,,1,1.529037594795227,0.013203782525804206,0.012634187780101452
boehme,2MRS_clean,O3_bmin_mag_pm,Quaia_pmcut_G20.5_bmin30_pm_tot<0.5,30.0,20.5,,0.5,0,1.55604088306427,0.01867038056248949,0.019332473118953197
boehme,2MRS_clean,O3_bmin_mag_pm,Quaia_pmcut_G20.5_bmin30_pm_sig<2,30.0,20.5,2.0,,0,1.55604088306427,0.019406037705759483,0.02200329002776721
boehme,2MRS_clean,O3_bmin_mag_pm,Quaia_pmcut_G20.5_bmin30_pm_tot<1&pm_sig<2,30.0,20.5,2.0,1.0,0,1.55604088306427,0.019294262703290776,0.021385239190405247
boehme,2MRS_clean,O3_bmin_mag_pm,Quaia_pmcut_G20.5_bmin30_pm_sig<3,30.0,20.5,3.0,,0,1.55604088306427,0.0197459225267773,0.01876631953359375
boehme,2MRS_clean,O3_bmin_mag_pm,Quaia_pmcut_G20.5_bmin30_pm_tot<1&pm_sig<3,30.0,20.5,3.0,1.0,0,1.55604088306427,0.019634147524308594,0.01871732133754037
boehme,2MRS_clean,O3_bmin_mag_pm,Quaia_pmcut_G20.5_bmin30_none,30.0,20.5,,,1,1.55604088306427,0.016633148217390675,0.01717180585428032
boehme,2MRS_clean,O3_bmin_mag_pm,Quaia_pmcut_G20.5_bmin30_pm_tot<1,30.0,20.5,,1.0,0,1.55604088306427,0.018614493061255136,0.01823988717994224
boehme,2MRS_clean,O3_bmin_mag_pm,Quaia_G20.5_pmSiglt2_z0p6p1p0,30.0,20.5,2.0,,0,0.8184481912564778,0.022475650705132338,0.02677516506551356
boehme,2MRS_clean,O3_bmin_mag_pm,Quaia_G20.5_pmSiglt2_z1p0p1p5,30.0,20.5,2.0,,0,1.2607082545033923,0.022475650705132338,0.0196793491728866
boehme,2MRS_clean,O3_bmin_mag_pm,Quaia_G20.5_pmSiglt2_z1p5p3p0,30.0,20.5,2.0,,0,2.057584213322741,0.022475650705132338,0.02212498773102556
boehme,2MRS_clean,O4_full_plus_z,Quaia_G<20.0_pmSig_lt2_0p6_1p0,,,,,0,0.8180457891365732,0.020275679507207513,0.01727788399028965
boehme,2MRS_clean,O4_full_plus_z,Quaia_G<20.0_pmSig_lt2_1p0_1p5,,,,,0,1.2593244815869629,0.019286100561887183,0.020533606849580097
boehme,2MRS_clean,O4_full_plus_z,Quaia_G<20.0_pmSig_lt2_1p5_3p0,,,,,0,2.063375928734873,0.017482994278568576,0.01733630209837867
boehme,2MRS_clean,O4_full_plus_z,Quaia_maskscan_G20.0_bmin20,20.0,,,,0,1.5216184854507446,0.024329271464501596,0.021220782201491303
boehme,2MRS_clean,O4_full_plus_z,Quaia_maskscan_G20.0_bmin25,25.0,,,,0,1.525849223136902,0.02150409791097452,0.018466014757950646
boehme,2MRS_clean,O4_full_plus_z,Quaia_maskscan_G20.0_bmin30,30.0,,,,0,1.529037594795227,0.018681261890376423,0.01452302195751433
boehme,2MRS_clean,O4_full_plus_z,Quaia_maskscan_G20.0_bmin35,35.0,,,,0,1.531247854232788,0.01586061931187374,0.012974150870617738
boehme,2MRS_clean,O4_full_plus_z,Quaia_maskscan_G20.5_bmin20,20.0,,,,0,1.5471723079681396,0.024271966352860587,0.02641187769169389
boehme,2MRS_clean,O4_full_plus_z,Quaia_maskscan_G20.5_bmin25,25.0,,,,0,1.5523033142089844,0.021444773923683966,0.022707087839810444
boehme,2MRS_clean,O4_full_plus_z,Quaia_maskscan_G20.5_bmin30,30.0,,,,0,1.55604088306427,0.018620706314087264,0.019883499073587035
boehme,2MRS_clean,O4_full_plus_z,Quaia_maskscan_G20.5_bmin35,35.0,,,,0,1.5588762760162354,0.01579866185741903,0.0181620984917145
boehme,2MRS_clean,O4_full_plus_z,Quaia_pmcut_G20.0_bmin30_pm_tot<1&pm_sig<2,30.0,20.0,2.0,1.0,0,1.529037594795227,0.016025332574624674,0.017638631272561243
boehme,2MRS_clean,O4_full_plus_z,Quaia_pmcut_G20.0_bmin30_pm_sig<2,30.0,20.0,2.0,,0,1.529037594795227,0.01612540496628481,0.018062669921927437
boehme,2MRS_clean,O4_full_plus_z,Quaia_pmcut_G20.0_bmin30_pm_tot<0.5,30.0,20.0,,0.5,0,1.529037594795227,0.015364428479930642,0.014193394334150615
boehme,2MRS_clean,O4_full_plus_z,Quaia_pmcut_G20.0_bmin30_pm_sig<3,30.0,20.0,3.0,,0,1.529037594795227,0.016480875111546858,0.014075195953044257
boehme,2MRS_clean,O4_full_plus_z,Quaia_pmcut_G20.0_bmin30_pm_tot<1,30.0,20.0,,1.0,0,1.529037594795227,0.015314392284100574,0.013040318048437062
boehme,2MRS_clean,O4_full_plus_z,Quaia_pmcut_G20.0_bmin30_none,30.0,20.0,,,1,1.529037594795227,0.013347094284154547,0.0127881757051481
boehme,2MRS_clean,O4_full_plus_z,Quaia_pmcut_G20.5_bmin30_pm_tot<0.5,30.0,20.5,,0.5,0,1.55604088306427,0.018858638150621672,0.019507672398523256
boehme,2MRS_clean,O4_full_plus_z,Quaia_pmcut_G20.5_bmin30_pm_sig<2,30.0,20.5,2.0,,0,1.55604088306427,0.019619614636975837,0.02218619357850235
boehme,2MRS_clean,O4_full_plus_z,Quaia_pmcut_G20.5_bmin30_pm_tot<1&pm_sig<2,30.0,20.5,2.0,1.0,0,1.55604088306427,0.019519542245315703,0.02155722520571198
boehme,2MRS_clean,O4_full_plus_z,Quaia_pmcut_G20.5_bmin30_pm_sig<3,30.0,20.5,3.0,,0,1.55604088306427,0.019975084782237886,0.018941577277210363
boehme,2MRS_clean,O4_full_plus_z,Quaia_pmcut_G20.5_bmin30_pm_tot<1&pm_sig<3,30.0,20.5,3.0,1.0,0,1.55604088306427,0.01987501239057775,0.018876954658625246
boehme,2MRS_clean,O4_full_plus_z,Quaia_pmcut_G20.5_bmin30_none,30.0,20.5,,,1,1.55604088306427,0.016841303954845576,0.017349469259912965
boehme,2MRS_clean,O4_full_plus_z,Quaia_pmcut_G20.5_bmin30_pm_tot<1,30.0,20.5,,1.0,0,1.55604088306427,0.0188086019547916,0.018399184249853186
boehme,2MRS_clean,O4_full_plus_z,Quaia_G20.5_pmSiglt2_z0p6p1p0,30.0,20.5,2.0,,0,0.8184481912564778,0.02454048264749158,0.02707597950064367
boehme,2MRS_clean,O4_full_plus_z,Quaia_G20.5_pmSiglt2_z1p0p1p5,30.0,20.5,2.0,,0,1.2607082545033923,0.023548702952634937,0.019926341099340696
boehme,2MRS_clean,O4_full_plus_z,Quaia_G20.5_pmSiglt2_z1p5p3p0,30.0,20.5,2.0,,0,2.057584213322741,0.021761687888525005,0.022258520731308025
wagenveld,baseline,O0_intercept,Quaia_G<20.0_pmSig_lt2_0p6_1p0,,,,,0,0.8180457891365732,0.015994210885675982,0.013279965575486384
wagenveld,baseline,O0_intercept,Quaia_G<20.0_pmSig_lt2_1p0_1p5,,,,,0,1.2593244815869629,0.015994210885675982,0.017637344978743842
wagenveld,baseline,O0_intercept,Quaia_G<20.0_pmSig_lt2_1p5_3p0,,,,,0,2.063375928734873,0.015994210885675982,0.01543132418387853
wagenveld,baseline,O0_intercept,Quaia_maskscan_G20.0_bmin20,20.0,,,,0,1.5216184854507446,0.015994210885675982,0.018897469754071302
wagenveld,baseline,O0_intercept,Quaia_maskscan_G20.0_bmin25,25.0,,,,0,1.525849223136902,0.015994210885675982,0.01608030656779621
wagenveld,baseline,O0_intercept,Quaia_maskscan_G20.0_bmin30,30.0,,,,0,1.529037594795227,0.015994210885675982,0.012120110297758824
wagenveld,baseline,O0_intercept,Quaia_maskscan_G20.0_bmin35,35.0,,,,0,1.531247854232788,0.015994210885675982,0.010526727006253749
wagenveld,baseline,O0_intercept,Quaia_maskscan_G20.5_bmin20,20.0,,,,0,1.5471723079681396,0.015994210885675982,0.02389614616623605
wagenveld,baseline,O0_intercept,Quaia_maskscan_G20.5_bmin25,25.0,,,,0,1.5523033142089844,0.015994210885675982,0.0201665451279363
wagenveld,baseline,O0_intercept,Quaia_maskscan_G20.5_bmin30,30.0,,,,0,1.55604088306427,0.015994210885675982,0.01732447876856761
wagenveld,baseline,O0_intercept,Quaia_maskscan_G20.5_bmin35,35.0,,,,0,1.5588762760162354,0.015994210885675982,0.015622548898575925
wagenveld,baseline,O0_intercept,Quaia_pmcut_G20.0_bmin30_pm_tot<1&pm_sig<2,30.0,20.0,2.0,1.0,0,1.529037594795227,0.015994210885675982,0.01517761177643674
wagenveld,baseline,O0_intercept,Quaia_pmcut_G20.0_bmin30_pm_sig<2,30.0,20.0,2.0,,0,1.529037594795227,0.015994210885675982,0.01564320002739252
wagenveld,baseline,O0_intercept,Quaia_pmcut_G20.0_bmin30_pm_tot<0.5,30.0,20.0,,0.5,0,1.529037594795227,0.015994210885675982,0.011558707068059861
wagenveld,baseline,O0_intercept,Quaia_pmcut_G20.0_bmin30_pm_sig<3,30.0,20.0,3.0,,0,1.529037594795227,0.015994210885675982,0.011677263677543315
wagenveld,baseline,O0_intercept,Quaia_pmcut_G20.0_bmin30_pm_tot<1,30.0,20.0,,1.0,0,1.529037594795227,0.015994210885675982,0.010578901320054412
wagenveld,baseline,O0_intercept,Quaia_pmcut_G20.0_bmin30_none,30.0,20.0,,,1,1.529037594795227,0.015994210885675982,0.010412389991924256
wagenveld,baseline,O0_intercept,Quaia_pmcut_G20.5_bmin30_pm_tot<0.5,30.0,20.5,,0.5,0,1.55604088306427,0.015994210885675982,0.016787630850862843
wagenveld,baseline,O0_intercept,Quaia_pmcut_G20.5_bmin30_pm_sig<2,30.0,20.5,2.0,,0,1.55604088306427,0.015994210885675982,0.019556426965324974
wagenveld,baseline,O0_intercept,Quaia_pmcut_G20.5_bmin30_pm_tot<1&pm_sig<2,30.0,20.5,2.0,1.0,0,1.55604088306427,0.015994210885675982,0.018944659838262556
wagenveld,baseline,O0_intercept,Quaia_pmcut_G20.5_bmin30_pm_sig<3,30.0,20.5,3.0,,0,1.55604088306427,0.015994210885675982,0.01633932994480553
wagenveld,baseline,O0_intercept,Quaia_pmcut_G20.5_bmin30_pm_tot<1&pm_sig<3,30.0,20.5,3.0,1.0,0,1.55604088306427,0.015994210885675982,0.016280671702451458
wagenveld,baseline,O0_intercept,Quaia_pmcut_G20.5_bmin30_none,30.0,20.5,,,1,1.55604088306427,0.015994210885675982,0.014786888537094704
wagenveld,baseline,O0_intercept,Quaia_pmcut_G20.5_bmin30_pm_tot<1,30.0,20.5,,1.0,0,1.55604088306427,0.015994210885675982,0.01579932236843852
wagenveld,baseline,O0_intercept,Quaia_G20.5_pmSiglt2_z0p6p1p0,30.0,20.5,2.0,,0,0.8184481912564778,0.015994210885675982,0.02302364486948657
wagenveld,baseline,O0_intercept,Quaia_G20.5_pmSiglt2_z1p0p1p5,30.0,20.5,2.0,,0,1.2607082545033923,0.015994210885675982,0.016784867316692573
wagenveld,baseline,O0_intercept,Quaia_G20.5_pmSiglt2_z1p5p3p0,30.0,20.5,2.0,,0,2.057584213322741,0.015994210885675982,0.02004784234611724
wagenveld,baseline,O1_bmin,Quaia_G<20.0_pmSig_lt2_0p6_1p0,,,,,0,0.8180457891365732,0.015680741741980288,0.01330208720813796
wagenveld,baseline,O1_bmin,Quaia_G<20.0_pmSig_lt2_1p0_1p5,,,,,0,1.2593244815869629,0.015680741741980288,0.017671356693435617
wagenveld,baseline,O1_bmin,Quaia_G<20.0_pmSig_lt2_1p5_3p0,,,,,0,2.063375928734873,0.015680741741980288,0.015413048263057443
wagenveld,baseline,O1_bmin,Quaia_maskscan_G20.0_bmin20,20.0,,,,0,1.5216184854507446,0.02149669360633404,0.01890991935126622
wagenveld,baseline,O1_bmin,Quaia_maskscan_G20.0_bmin25,25.0,,,,0,1.525849223136902,0.018588717674157165,0.016083723634406712
wagenveld,baseline,O1_bmin,Quaia_maskscan_G20.0_bmin30,30.0,,,,0,1.529037594795227,0.015680741741980288,0.012105855769725699
wagenveld,baseline,O1_bmin,Quaia_maskscan_G20.0_bmin35,35.0,,,,0,1.531247854232788,0.012772765809803412,0.010490717438777379
wagenveld,baseline,O1_bmin,Quaia_maskscan_G20.5_bmin20,20.0,,,,0,1.5471723079681396,0.02149669360633404,0.023941295646315235
wagenveld,baseline,O1_bmin,Quaia_maskscan_G20.5_bmin25,25.0,,,,0,1.5523033142089844,0.018588717674157165,0.020188950731864514
wagenveld,baseline,O1_bmin,Quaia_maskscan_G20.5_bmin30,30.0,,,,0,1.55604088306427,0.015680741741980288,0.017323670442616002
wagenveld,baseline,O1_bmin,Quaia_maskscan_G20.5_bmin35,35.0,,,,0,1.5588762760162354,0.012772765809803412,0.015587440573362851
wagenveld,baseline,O1_bmin,Quaia_pmcut_G20.0_bmin30_pm_tot<1&pm_sig<2,30.0,20.0,2.0,1.0,0,1.529037594795227,0.015680741741980288,0.015185864246505216
wagenveld,baseline,O1_bmin,Quaia_pmcut_G20.0_bmin30_pm_sig<2,30.0,20.0,2.0,,0,1.529037594795227,0.015680741741980288,0.015645125698135347
wagenveld,baseline,O1_bmin,Quaia_pmcut_G20.0_bmin30_pm_tot<0.5,30.0,20.0,,0.5,0,1.529037594795227,0.015680741741980288,0.011566778866395828
wagenveld,baseline,O1_bmin,Quaia_pmcut_G20.0_bmin30_pm_sig<3,30.0,20.0,3.0,,0,1.529037594795227,0.015680741741980288,0.011666175840603856
wagenveld,baseline,O1_bmin,Quaia_pmcut_G20.0_bmin30_pm_tot<1,30.0,20.0,,1.0,0,1.529037594795227,0.015680741741980288,0.010566349209569672
wagenveld,baseline,O1_bmin,Quaia_pmcut_G20.0_bmin30_none,30.0,20.0,,,1,1.529037594795227,0.015680741741980288,0.010402817136927936
wagenveld,baseline,O1_bmin,Quaia_pmcut_G20.5_bmin30_pm_tot<0.5,30.0,20.5,,0.5,0,1.55604088306427,0.015680741741980288,0.01678732968776589
wagenveld,baseline,O1_bmin,Quaia_pmcut_G20.5_bmin30_pm_sig<2,30.0,20.5,2.0,,0,1.55604088306427,0.015680741741980288,0.01957470022113631
wagenveld,baseline,O1_bmin,Quaia_pmcut_G20.5_bmin30_pm_tot<1&pm_sig<2,30.0,20.5,2.0,1.0,0,1.55604088306427,0.015680741741980288,0.018947591066431548
wagenveld,baseline,O1_bmin,Quaia_pmcut_G20.5_bmin30_pm_sig<3,30.0,20.5,3.0,,0,1.55604088306427,0.015680741741980288,0.016347472340740545
wagenveld,baseline,O1_bmin,Quaia_pmcut_G20.5_bmin30_pm_tot<1&pm_sig<3,30.0,20.5,3.0,1.0,0,1.55604088306427,0.015680741741980288,0.01626566680781019
wagenveld,baseline,O1_bmin,Quaia_pmcut_G20.5_bmin30_none,30.0,20.5,,,1,1.55604088306427,0.015680741741980288,0.01480122418144745
wagenveld,baseline,O1_bmin,Quaia_pmcut_G20.5_bmin30_pm_tot<1,30.0,20.5,,1.0,0,1.55604088306427,0.015680741741980288,0.015783468736226065
wagenveld,baseline,O1_bmin,Quaia_G20.5_pmSiglt2_z0p6p1p0,30.0,20.5,2.0,,0,0.8184481912564778,0.015680741741980288,0.02307677390565235
wagenveld,baseline,O1_bmin,Quaia_G20.5_pmSiglt2_z1p0p1p5,30.0,20.5,2.0,,0,1.2607082545033923,0.015680741741980288,0.0168519611665954
wagenveld,baseline,O1_bmin,Quaia_G20.5_pmSiglt2_z1p5p3p0,30.0,20.5,2.0,,0,2.057584213322741,0.015680741741980288,0.020032758506686718
wagenveld,baseline,O2_bmin_mag,Quaia_G<20.0_pmSig_lt2_0p6_1p0,,,,,0,0.8180457891365732,0.01446225846479043,0.013346985062340022
wagenveld,baseline,O2_bmin_mag,Quaia_G<20.0_pmSig_lt2_1p0_1p5,,,,,0,1.2593244815869629,0.01446225846479043,0.017693473059914686
wagenveld,baseline,O2_bmin_mag,Quaia_G<20.0_pmSig_lt2_1p5_3p0,,,,,0,2.063375928734873,0.01446225846479043,0.015241493118401065
wagenveld,baseline,O2_bmin_mag,Quaia_maskscan_G20.0_bmin20,20.0,,,,0,1.5216184854507446,0.021350252222552227,0.01874555822420924
wagenveld,baseline,O2_bmin_mag,Quaia_maskscan_G20.0_bmin25,25.0,,,,0,1.525849223136902,0.01790625534367133,0.01596845940727597
wagenveld,baseline,O2_bmin_mag,Quaia_maskscan_G20.0_bmin30,30.0,,,,0,1.529037594795227,0.01446225846479043,0.012002324750041158
wagenveld,baseline,O2_bmin_mag,Quaia_maskscan_G20.0_bmin35,35.0,,,,0,1.531247854232788,0.011018261585909532,0.010418116825740733
wagenveld,baseline,O2_bmin_mag,Quaia_maskscan_G20.5_bmin20,20.0,,,,0,1.5471723079681396,0.021350252222552227,0.023951726396856384
wagenveld,baseline,O2_bmin_mag,Quaia_maskscan_G20.5_bmin25,25.0,,,,0,1.5523033142089844,0.01790625534367133,0.020217231533680532
wagenveld,baseline,O2_bmin_mag,Quaia_maskscan_G20.5_bmin30,30.0,,,,0,1.55604088306427,0.01446225846479043,0.017363755874872037
wagenveld,baseline,O2_bmin_mag,Quaia_maskscan_G20.5_bmin35,35.0,,,,0,1.5588762760162354,0.011018261585909532,0.015607113839472015
wagenveld,baseline,O2_bmin_mag,Quaia_pmcut_G20.0_bmin30_pm_tot<1&pm_sig<2,30.0,20.0,2.0,1.0,0,1.529037594795227,0.01446225846479043,0.015131843197049516
wagenveld,baseline,O2_bmin_mag,Quaia_pmcut_G20.0_bmin30_pm_sig<2,30.0,20.0,2.0,,0,1.529037594795227,0.01446225846479043,0.015557902392310205
wagenveld,baseline,O2_bmin_mag,Quaia_pmcut_G20.0_bmin30_pm_tot<0.5,30.0,20.0,,0.5,0,1.529037594795227,0.01446225846479043,0.011645561186885322
wagenveld,baseline,O2_bmin_mag,Quaia_pmcut_G20.0_bmin30_pm_sig<3,30.0,20.0,3.0,,0,1.529037594795227,0.01446225846479043,0.011559543593671171
wagenveld,baseline,O2_bmin_mag,Quaia_pmcut_G20.0_bmin30_pm_tot<1,30.0,20.0,,1.0,0,1.529037594795227,0.01446225846479043,0.010507950860187066
wagenveld,baseline,O2_bmin_mag,Quaia_pmcut_G20.0_bmin30_none,30.0,20.0,,,1,1.529037594795227,0.01446225846479043,0.010279577125209518
wagenveld,baseline,O2_bmin_mag,Quaia_pmcut_G20.5_bmin30_pm_tot<0.5,30.0,20.5,,0.5,0,1.55604088306427,0.01732670314420183,0.01695070995620121
wagenveld,baseline,O2_bmin_mag,Quaia_pmcut_G20.5_bmin30_pm_sig<2,30.0,20.5,2.0,,0,1.55604088306427,0.01732670314420183,0.019673193200237016
wagenveld,baseline,O2_bmin_mag,Quaia_pmcut_G20.5_bmin30_pm_tot<1&pm_sig<2,30.0,20.5,2.0,1.0,0,1.55604088306427,0.01732670314420183,0.01902948366731958
wagenveld,baseline,O2_bmin_mag,Quaia_pmcut_G20.5_bmin30_pm_sig<3,30.0,20.5,3.0,,0,1.55604088306427,0.01732670314420183,0.01642262938676551
wagenveld,baseline,O2_bmin_mag,Quaia_pmcut_G20.5_bmin30_pm_tot<1&pm_sig<3,30.0,20.5,3.0,1.0,0,1.55604088306427,0.01732670314420183,0.01633107248075408
wagenveld,baseline,O2_bmin_mag,Quaia_pmcut_G20.5_bmin30_none,30.0,20.5,,,1,1.55604088306427,0.01732670314420183,0.0148474178889938
wagenveld,baseline,O2_bmin_mag,Quaia_pmcut_G20.5_bmin30_pm_tot<1,30.0,20.5,,1.0,0,1.55604088306427,0.01732670314420183,0.015851420211394796
wagenveld,baseline,O2_bmin_mag,Quaia_G20.5_pmSiglt2_z0p6p1p0,30.0,20.5,2.0,,0,0.8184481912564778,0.01732670314420183,0.023171447625628012
wagenveld,baseline,O2_bmin_mag,Quaia_G20.5_pmSiglt2_z1p0p1p5,30.0,20.5,2.0,,0,1.2607082545033923,0.01732670314420183,0.017070721893454283
wagenveld,baseline,O2_bmin_mag,Quaia_G20.5_pmSiglt2_z1p5p3p0,30.0,20.5,2.0,,0,2.057584213322741,0.01732670314420183,0.02009328988470573
wagenveld,baseline,O3_bmin_mag_pm,Quaia_G<20.0_pmSig_lt2_0p6_1p0,,,,,0,0.8180457891365732,0.01598746489762008,0.013387013684179098
wagenveld,baseline,O3_bmin_mag_pm,Quaia_G<20.0_pmSig_lt2_1p0_1p5,,,,,0,1.2593244815869629,0.01598746489762008,0.017725872691293117
wagenveld,baseline,O3_bmin_mag_pm,Quaia_G<20.0_pmSig_lt2_1p5_3p0,,,,,0,2.063375928734873,0.01598746489762008,0.015266332536340297
wagenveld,baseline,O3_bmin_mag_pm,Quaia_maskscan_G20.0_bmin20,20.0,,,,0,1.5216184854507446,0.021780750923985827,0.018778989659449446
wagenveld,baseline,O3_bmin_mag_pm,Quaia_maskscan_G20.0_bmin25,25.0,,,,0,1.525849223136902,0.01888410791080295,0.015998414246807112
wagenveld,baseline,O3_bmin_mag_pm,Quaia_maskscan_G20.0_bmin30,30.0,,,,0,1.529037594795227,0.01598746489762008,0.01202900408588024
wagenveld,baseline,O3_bmin_mag_pm,Quaia_maskscan_G20.0_bmin35,35.0,,,,0,1.531247854232788,0.013090821884437205,0.010440083530719747
wagenveld,baseline,O3_bmin_mag_pm,Quaia_maskscan_G20.5_bmin20,20.0,,,,0,1.5471723079681396,0.021780750923985827,0.02398279841762829
wagenveld,baseline,O3_bmin_mag_pm,Quaia_maskscan_G20.5_bmin25,25.0,,,,0,1.5523033142089844,0.01888410791080295,0.020243958332808034
wagenveld,baseline,O3_bmin_mag_pm,Quaia_maskscan_G20.5_bmin30,30.0,,,,0,1.55604088306427,0.01598746489762008,0.01738632256832427
wagenveld,baseline,O3_bmin_mag_pm,Quaia_maskscan_G20.5_bmin35,35.0,,,,0,1.5588762760162354,0.013090821884437205,0.01562511047964654
wagenveld,baseline,O3_bmin_mag_pm,Quaia_pmcut_G20.0_bmin30_pm_tot<1&pm_sig<2,30.0,20.0,2.0,1.0,0,1.529037594795227,0.013559334829850828,0.015160001650979998
wagenveld,baseline,O3_bmin_mag_pm,Quaia_pmcut_G20.0_bmin30_pm_sig<2,30.0,20.0,2.0,,0,1.529037594795227,0.01367069060669294,0.015586434543774088
wagenveld,baseline,O3_bmin_mag_pm,Quaia_pmcut_G20.0_bmin30_pm_tot<0.5,30.0,20.0,,0.5,0,1.529037594795227,0.012911933290182528,0.011668225963574686
wagenveld,baseline,O3_bmin_mag_pm,Quaia_pmcut_G20.0_bmin30_pm_sig<3,30.0,20.0,3.0,,0,1.529037594795227,0.014022230320737619,0.011586851284119893
wagenveld,baseline,O3_bmin_mag_pm,Quaia_pmcut_G20.0_bmin30_pm_tot<1,30.0,20.0,,1.0,0,1.529037594795227,0.012856255401761472,0.01053304218592146
wagenveld,baseline,O3_bmin_mag_pm,Quaia_pmcut_G20.0_bmin30_none,30.0,20.0,,,1,1.529037594795227,0.010887895504388824,0.01030781542898114
wagenveld,baseline,O3_bmin_mag_pm,Quaia_pmcut_G20.5_bmin30_pm_tot<0.5,30.0,20.5,,0.5,0,1.55604088306427,0.01633304759668382,0.016968267807124612
wagenveld,baseline,O3_bmin_mag_pm,Quaia_pmcut_G20.5_bmin30_pm_sig<2,30.0,20.5,2.0,,0,1.55604088306427,0.017091804913194234,0.01969633719116632
wagenveld,baseline,O3_bmin_mag_pm,Quaia_pmcut_G20.5_bmin30_pm_tot<1&pm_sig<2,30.0,20.5,2.0,1.0,0,1.55604088306427,0.016980449136352122,0.019050903641157153
wagenveld,baseline,O3_bmin_mag_pm,Quaia_pmcut_G20.5_bmin30_pm_sig<3,30.0,20.5,3.0,,0,1.55604088306427,0.01744334462723891,0.016445160521998167
wagenveld,baseline,O3_bmin_mag_pm,Quaia_pmcut_G20.5_bmin30_pm_tot<1&pm_sig<3,30.0,20.5,3.0,1.0,0,1.55604088306427,0.017331988850396798,0.016350366447117896
wagenveld,baseline,O3_bmin_mag_pm,Quaia_pmcut_G20.5_bmin30_none,30.0,20.5,,,1,1.55604088306427,0.014309009810890116,0.014872127050145774
wagenveld,baseline,O3_bmin_mag_pm,Quaia_pmcut_G20.5_bmin30_pm_tot<1,30.0,20.5,,1.0,0,1.55604088306427,0.016277369708262764,0.01587047807396248
wagenveld,baseline,O3_bmin_mag_pm,Quaia_G20.5_pmSiglt2_z0p6p1p0,30.0,20.5,2.0,,0,0.8184481912564778,0.02011165863221073,0.02321423172124694
wagenveld,baseline,O3_bmin_mag_pm,Quaia_G20.5_pmSiglt2_z1p0p1p5,30.0,20.5,2.0,,0,1.2607082545033923,0.02011165863221073,0.017100187213880274
wagenveld,baseline,O3_bmin_mag_pm,Quaia_G20.5_pmSiglt2_z1p5p3p0,30.0,20.5,2.0,,0,2.057584213322741,0.02011165863221073,0.020109055493634505
wagenveld,baseline,O4_full_plus_z,Quaia_G<20.0_pmSig_lt2_0p6_1p0,,,,,0,0.8180457891365732,0.016882403877120433,0.013488999230873619
wagenveld,baseline,O4_full_plus_z,Quaia_G<20.0_pmSig_lt2_1p0_1p5,,,,,0,1.2593244815869629,0.016407178467704838,0.01780582149776807
wagenveld,baseline,O4_full_plus_z,Quaia_G<20.0_pmSig_lt2_1p5_3p0,,,,,0,2.063375928734873,0.01554127289669197,0.015300417381668477
wagenveld,baseline,O4_full_plus_z,Quaia_maskscan_G20.0_bmin20,20.0,,,,0,1.5216184854507446,0.02189484564283147,0.018834703895578852
wagenveld,baseline,O4_full_plus_z,Quaia_maskscan_G20.0_bmin25,25.0,,,,0,1.525849223136902,0.019005219967781452,0.016052919876003484
wagenveld,baseline,O4_full_plus_z,Quaia_maskscan_G20.0_bmin30,30.0,,,,0,1.529037594795227,0.01611671684596324,0.012077543099900227
wagenveld,baseline,O4_full_plus_z,Quaia_maskscan_G20.0_bmin35,35.0,,,,0,1.531247854232788,0.01322926708064857,0.010481655317102368
wagenveld,baseline,O4_full_plus_z,Quaia_maskscan_G20.5_bmin20,20.0,,,,0,1.5471723079681396,0.02186732601413486,0.024057332026449735
wagenveld,baseline,O4_full_plus_z,Quaia_maskscan_G20.5_bmin25,25.0,,,,0,1.5523033142089844,0.018976730814610158,0.02031075714247916
wagenveld,baseline,O4_full_plus_z,Quaia_maskscan_G20.5_bmin30,30.0,,,,0,1.55604088306427,0.01608763624691604,0.017444886613410083
wagenveld,baseline,O4_full_plus_z,Quaia_maskscan_G20.5_bmin35,35.0,,,,0,1.5588762760162354,0.013199513257773878,0.01566969999483222
wagenveld,baseline,O4_full_plus_z,Quaia_pmcut_G20.0_bmin30_pm_tot<1&pm_sig<2,30.0,20.0,2.0,1.0,0,1.529037594795227,0.013614178709809483,0.01521897759189298
wagenveld,baseline,O4_full_plus_z,Quaia_pmcut_G20.0_bmin30_pm_sig<2,30.0,20.0,2.0,,0,1.529037594795227,0.01372046431885568,0.015641517489929993
wagenveld,baseline,O4_full_plus_z,Quaia_pmcut_G20.0_bmin30_pm_tot<0.5,30.0,20.0,,0.5,0,1.529037594795227,0.012950235310332694,0.011733133247179037
wagenveld,baseline,O4_full_plus_z,Quaia_pmcut_G20.0_bmin30_pm_sig<3,30.0,20.0,3.0,,0,1.529037594795227,0.014079007420855626,0.011636529700393538
wagenveld,baseline,O4_full_plus_z,Quaia_pmcut_G20.0_bmin30_pm_tot<1,30.0,20.0,,1.0,0,1.529037594795227,0.012897092505809594,0.010584311564791248
wagenveld,baseline,O4_full_plus_z,Quaia_pmcut_G20.0_bmin30_none,30.0,20.0,,,1,1.529037594795227,0.01093375748929848,0.010357516244452605
wagenveld,baseline,O4_full_plus_z,Quaia_pmcut_G20.5_bmin30_pm_tot<0.5,30.0,20.5,,0.5,0,1.55604088306427,0.016405152488549662,0.017032289234946867
wagenveld,baseline,O4_full_plus_z,Quaia_pmcut_G20.5_bmin30_pm_sig<2,30.0,20.5,2.0,,0,1.55604088306427,0.017175381497072647,0.019764482676296664
wagenveld,baseline,O4_full_plus_z,Quaia_pmcut_G20.5_bmin30_pm_tot<1&pm_sig<2,30.0,20.5,2.0,1.0,0,1.55604088306427,0.01706909588802645,0.019112496855597325
wagenveld,baseline,O4_full_plus_z,Quaia_pmcut_G20.5_bmin30_pm_sig<3,30.0,20.5,3.0,,0,1.55604088306427,0.017533924599072593,0.01650876573223764
wagenveld,baseline,O4_full_plus_z,Quaia_pmcut_G20.5_bmin30_pm_tot<1&pm_sig<3,30.0,20.5,3.0,1.0,0,1.55604088306427,0.017427638990026396,0.01640463650411206
wagenveld,baseline,O4_full_plus_z,Quaia_pmcut_G20.5_bmin30_none,30.0,20.5,,,1,1.55604088306427,0.014388674667515448,0.014937069668491171
wagenveld,baseline,O4_full_plus_z,Quaia_pmcut_G20.5_bmin30_pm_tot<1,30.0,20.5,,1.0,0,1.55604088306427,0.016352009684026562,0.015924580921703915
wagenveld,baseline,O4_full_plus_z,Quaia_G20.5_pmSiglt2_z0p6p1p0,30.0,20.5,2.0,,0,0.8184481912564778,0.02108305450024721,0.02332917570007104
wagenveld,baseline,O4_full_plus_z,Quaia_G20.5_pmSiglt2_z1p0p1p5,30.0,20.5,2.0,,0,1.2607082545033923,0.020606772225076377,0.01720123988738054
wagenveld,baseline,O4_full_plus_z,Quaia_G20.5_pmSiglt2_z1p5p3p0,30.0,20.5,2.0,,0,2.057584213322741,0.019748594138841356,0.020153736481808272
wagenveld,2MRS_clean,O0_intercept,Quaia_G<20.0_pmSig_lt2_0p6_1p0,,,,,0,0.8180457891365732,0.01579456662294261,0.012903272350120752
wagenveld,2MRS_clean,O0_intercept,Quaia_G<20.0_pmSig_lt2_1p0_1p5,,,,,0,1.2593244815869629,0.01579456662294261,0.017359400816793272
wagenveld,2MRS_clean,O0_intercept,Quaia_G<20.0_pmSig_lt2_1p5_3p0,,,,,0,2.063375928734873,0.01579456662294261,0.015409492213391366
wagenveld,2MRS_clean,O0_intercept,Quaia_maskscan_G20.0_bmin20,20.0,,,,0,1.5216184854507446,0.01579456662294261,0.018826277211941477
wagenveld,2MRS_clean,O0_intercept,Quaia_maskscan_G20.0_bmin25,25.0,,,,0,1.525849223136902,0.01579456662294261,0.015967622014004253
wagenveld,2MRS_clean,O0_intercept,Quaia_maskscan_G20.0_bmin30,30.0,,,,0,1.529037594795227,0.01579456662294261,0.012004484152264652
wagenveld,2MRS_clean,O0_intercept,Quaia_maskscan_G20.0_bmin35,35.0,,,,0,1.531247854232788,0.01579456662294261,0.01038714740756578
wagenveld,2MRS_clean,O0_intercept,Quaia_maskscan_G20.5_bmin20,20.0,,,,0,1.5471723079681396,0.01579456662294261,0.023647946896696907
wagenveld,2MRS_clean,O0_intercept,Quaia_maskscan_G20.5_bmin25,25.0,,,,0,1.5523033142089844,0.01579456662294261,0.019910165586270612
wagenveld,2MRS_clean,O0_intercept,Quaia_maskscan_G20.5_bmin30,30.0,,,,0,1.55604088306427,0.01579456662294261,0.0170644753148248
wagenveld,2MRS_clean,O0_intercept,Quaia_maskscan_G20.5_bmin35,35.0,,,,0,1.5588762760162354,0.01579456662294261,0.01538987109499802
wagenveld,2MRS_clean,O0_intercept,Quaia_pmcut_G20.0_bmin30_pm_tot<1&pm_sig<2,30.0,20.0,2.0,1.0,0,1.529037594795227,0.01579456662294261,0.015007016674211221
wagenveld,2MRS_clean,O0_intercept,Quaia_pmcut_G20.0_bmin30_pm_sig<2,30.0,20.0,2.0,,0,1.529037594795227,0.01579456662294261,0.015504744841363183
wagenveld,2MRS_clean,O0_intercept,Quaia_pmcut_G20.0_bmin30_pm_tot<0.5,30.0,20.0,,0.5,0,1.529037594795227,0.01579456662294261,0.01126583158290838
wagenveld,2MRS_clean,O0_intercept,Quaia_pmcut_G20.0_bmin30_pm_sig<3,30.0,20.0,3.0,,0,1.529037594795227,0.01579456662294261,0.01156471462825115
wagenveld,2MRS_clean,O0_intercept,Quaia_pmcut_G20.0_bmin30_pm_tot<1,30.0,20.0,,1.0,0,1.529037594795227,0.01579456662294261,0.010421865391889575
wagenveld,2MRS_clean,O0_intercept,Quaia_pmcut_G20.0_bmin30_none,30.0,20.0,,,1,1.529037594795227,0.01579456662294261,0.010317207859327755
wagenveld,2MRS_clean,O0_intercept,Quaia_pmcut_G20.5_bmin30_pm_tot<0.5,30.0,20.5,,0.5,0,1.55604088306427,0.01579456662294261,0.016410210571447034
wagenveld,2MRS_clean,O0_intercept,Quaia_pmcut_G20.5_bmin30_pm_sig<2,30.0,20.5,2.0,,0,1.55604088306427,0.01579456662294261,0.019234568943962672
wagenveld,2MRS_clean,O0_intercept,Quaia_pmcut_G20.5_bmin30_pm_tot<1&pm_sig<2,30.0,20.5,2.0,1.0,0,1.55604088306427,0.01579456662294261,0.018641875876665107
wagenveld,2MRS_clean,O0_intercept,Quaia_pmcut_G20.5_bmin30_pm_sig<3,30.0,20.5,3.0,,0,1.55604088306427,0.01579456662294261,0.016045690504322627
wagenveld,2MRS_clean,O0_intercept,Quaia_pmcut_G20.5_bmin30_pm_tot<1&pm_sig<3,30.0,20.5,3.0,1.0,0,1.55604088306427,0.01579456662294261,0.016000005491018505
wagenveld,2MRS_clean,O0_intercept,Quaia_pmcut_G20.5_bmin30_none,30.0,20.5,,,1,1.55604088306427,0.01579456662294261,0.014522113829062617
wagenveld,2MRS_clean,O0_intercept,Quaia_pmcut_G20.5_bmin30_pm_tot<1,30.0,20.5,,1.0,0,1.55604088306427,0.01579456662294261,0.015516994766361595
wagenveld,2MRS_clean,O0_intercept,Quaia_G20.5_pmSiglt2_z0p6p1p0,30.0,20.5,2.0,,0,0.8184481912564778,0.01579456662294261,0.02258157018969949
wagenveld,2MRS_clean,O0_intercept,Quaia_G20.5_pmSiglt2_z1p0p1p5,30.0,20.5,2.0,,0,1.2607082545033923,0.01579456662294261,0.016314858998584154
wagenveld,2MRS_clean,O0_intercept,Quaia_G20.5_pmSiglt2_z1p5p3p0,30.0,20.5,2.0,,0,2.057584213322741,0.01579456662294261,0.0197968342063819
wagenveld,2MRS_clean,O1_bmin,Quaia_G<20.0_pmSig_lt2_0p6_1p0,,,,,0,0.8180457891365732,0.015486082422011247,0.012930366533029149
wagenveld,2MRS_clean,O1_bmin,Quaia_G<20.0_pmSig_lt2_1p0_1p5,,,,,0,1.2593244815869629,0.015486082422011247,0.01739768572397325
wagenveld,2MRS_clean,O1_bmin,Quaia_G<20.0_pmSig_lt2_1p5_3p0,,,,,0,2.063375928734873,0.015486082422011247,0.015396033908004272
wagenveld,2MRS_clean,O1_bmin,Quaia_maskscan_G20.0_bmin20,20.0,,,,0,1.5216184854507446,0.021168089970914503,0.018843470798468747
wagenveld,2MRS_clean,O1_bmin,Quaia_maskscan_G20.0_bmin25,25.0,,,,0,1.525849223136902,0.018327086196462877,0.015975666302109937
wagenveld,2MRS_clean,O1_bmin,Quaia_maskscan_G20.0_bmin30,30.0,,,,0,1.529037594795227,0.015486082422011247,0.011994820415951618
wagenveld,2MRS_clean,O1_bmin,Quaia_maskscan_G20.0_bmin35,35.0,,,,0,1.531247854232788,0.01264507864755962,0.010356205262269136
wagenveld,2MRS_clean,O1_bmin,Quaia_maskscan_G20.5_bmin20,20.0,,,,0,1.5471723079681396,0.021168089970914503,0.023697641516458395
wagenveld,2MRS_clean,O1_bmin,Quaia_maskscan_G20.5_bmin25,25.0,,,,0,1.5523033142089844,0.018327086196462877,0.01993728255694404
wagenveld,2MRS_clean,O1_bmin,Quaia_maskscan_G20.5_bmin30,30.0,,,,0,1.55604088306427,0.015486082422011247,0.01706869505183656
wagenveld,2MRS_clean,O1_bmin,Quaia_maskscan_G20.5_bmin35,35.0,,,,0,1.5588762760162354,0.01264507864755962,0.015360624761622055
wagenveld,2MRS_clean,O1_bmin,Quaia_pmcut_G20.0_bmin30_pm_tot<1&pm_sig<2,30.0,20.0,2.0,1.0,0,1.529037594795227,0.015486082422011247,0.015019635198578319
wagenveld,2MRS_clean,O1_bmin,Quaia_pmcut_G20.0_bmin30_pm_sig<2,30.0,20.0,2.0,,0,1.529037594795227,0.015486082422011247,0.015511293118205061
wagenveld,2MRS_clean,O1_bmin,Quaia_pmcut_G20.0_bmin30_pm_tot<0.5,30.0,20.0,,0.5,0,1.529037594795227,0.015486082422011247,0.011277798150119837
wagenveld,2MRS_clean,O1_bmin,Quaia_pmcut_G20.0_bmin30_pm_sig<3,30.0,20.0,3.0,,0,1.529037594795227,0.015486082422011247,0.011558044065039609
wagenveld,2MRS_clean,O1_bmin,Quaia_pmcut_G20.0_bmin30_pm_tot<1,30.0,20.0,,1.0,0,1.529037594795227,0.015486082422011247,0.010413638321956145
wagenveld,2MRS_clean,O1_bmin,Quaia_pmcut_G20.0_bmin30_none,30.0,20.0,,,1,1.529037594795227,0.015486082422011247,0.010311796217261637
wagenveld,2MRS_clean,O1_bmin,Quaia_pmcut_G20.5_bmin30_pm_tot<0.5,30.0,20.5,,0.5,0,1.55604088306427,0.015486082422011247,0.01641491613261693
wagenveld,2MRS_clean,O1_bmin,Quaia_pmcut_G20.5_bmin30_pm_sig<2,30.0,20.5,2.0,,0,1.55604088306427,0.015486082422011247,0.019257634278349072
wagenveld,2MRS_clean,O1_bmin,Quaia_pmcut_G20.5_bmin30_pm_tot<1&pm_sig<2,30.0,20.5,2.0,1.0,0,1.55604088306427,0.015486082422011247,0.01864999180057278
wagenveld,2MRS_clean,O1_bmin,Quaia_pmcut_G20.5_bmin30_pm_sig<3,30.0,20.5,3.0,,0,1.55604088306427,0.015486082422011247,0.01605843977265751
wagenveld,2MRS_clean,O1_bmin,Quaia_pmcut_G20.5_bmin30_pm_tot<1&pm_sig<3,30.0,20.5,3.0,1.0,0,1.55604088306427,0.015486082422011247,0.015990343705803017
wagenveld,2MRS_clean,O1_bmin,Quaia_pmcut_G20.5_bmin30_none,30.0,20.5,,,1,1.55604088306427,0.015486082422011247,0.014540595900236373
wagenveld,2MRS_clean,O1_bmin,Quaia_pmcut_G20.5_bmin30_pm_tot<1,30.0,20.5,,1.0,0,1.55604088306427,0.015486082422011247,0.01550643871563555
wagenveld,2MRS_clean,O1_bmin,Quaia_G20.5_pmSiglt2_z0p6p1p0,30.0,20.5,2.0,,0,0.8184481912564778,0.015486082422011247,0.022640207516391207
wagenveld,2MRS_clean,O1_bmin,Quaia_G20.5_pmSiglt2_z1p0p1p5,30.0,20.5,2.0,,0,1.2607082545033923,0.015486082422011247,0.016385142783617905
wagenveld,2MRS_clean,O1_bmin,Quaia_G20.5_pmSiglt2_z1p5p3p0,30.0,20.5,2.0,,0,2.057584213322741,0.015486082422011247,0.019787331476495577
wagenveld,2MRS_clean,O2_bmin_mag,Quaia_G<20.0_pmSig_lt2_0p6_1p0,,,,,0,0.8180457891365732,0.014332094764291373,0.012968068528378411
wagenveld,2MRS_clean,O2_bmin_mag,Quaia_G<20.0_pmSig_lt2_1p0_1p5,,,,,0,1.2593244815869629,0.014332094764291373,0.017424973767506173
wagenveld,2MRS_clean,O2_bmin_mag,Quaia_G<20.0_pmSig_lt2_1p5_3p0,,,,,0,2.063375928734873,0.014332094764291373,0.015238473535331165
wagenveld,2MRS_clean,O2_bmin_mag,Quaia_maskscan_G20.0_bmin20,20.0,,,,0,1.5216184854507446,0.021010894834138812,0.018695436615632423
wagenveld,2MRS_clean,O2_bmin_mag,Quaia_maskscan_G20.0_bmin25,25.0,,,,0,1.525849223136902,0.017671494799215093,0.015870950638442887
wagenveld,2MRS_clean,O2_bmin_mag,Quaia_maskscan_G20.0_bmin30,30.0,,,,0,1.529037594795227,0.014332094764291373,0.011896145513671111
wagenveld,2MRS_clean,O2_bmin_mag,Quaia_maskscan_G20.0_bmin35,35.0,,,,0,1.531247854232788,0.010992694729367654,0.010284607642745865
wagenveld,2MRS_clean,O2_bmin_mag,Quaia_maskscan_G20.5_bmin20,20.0,,,,0,1.5471723079681396,0.021010894834138812,0.02372349390494099
wagenveld,2MRS_clean,O2_bmin_mag,Quaia_maskscan_G20.5_bmin25,25.0,,,,0,1.5523033142089844,0.017671494799215093,0.019975167451244422
wagenveld,2MRS_clean,O2_bmin_mag,Quaia_maskscan_G20.5_bmin30,30.0,,,,0,1.55604088306427,0.014332094764291373,0.01711387527234765
wagenveld,2MRS_clean,O2_bmin_mag,Quaia_maskscan_G20.5_bmin35,35.0,,,,0,1.5588762760162354,0.010992694729367654,0.01538339165480613
wagenveld,2MRS_clean,O2_bmin_mag,Quaia_pmcut_G20.0_bmin30_pm_tot<1&pm_sig<2,30.0,20.0,2.0,1.0,0,1.529037594795227,0.014332094764291373,0.014972478174770286
wagenveld,2MRS_clean,O2_bmin_mag,Quaia_pmcut_G20.0_bmin30_pm_sig<2,30.0,20.0,2.0,,0,1.529037594795227,0.014332094764291373,0.015432814652456873
wagenveld,2MRS_clean,O2_bmin_mag,Quaia_pmcut_G20.0_bmin30_pm_tot<0.5,30.0,20.0,,0.5,0,1.529037594795227,0.014332094764291373,0.01135315471312321
wagenveld,2MRS_clean,O2_bmin_mag,Quaia_pmcut_G20.0_bmin30_pm_sig<3,30.0,20.0,3.0,,0,1.529037594795227,0.014332094764291373,0.011455964361737195
wagenveld,2MRS_clean,O2_bmin_mag,Quaia_pmcut_G20.0_bmin30_pm_tot<1,30.0,20.0,,1.0,0,1.529037594795227,0.014332094764291373,0.010356275328517376
wagenveld,2MRS_clean,O2_bmin_mag,Quaia_pmcut_G20.0_bmin30_none,30.0,20.0,,,1,1.529037594795227,0.014332094764291373,0.010192390803968408
wagenveld,2MRS_clean,O2_bmin_mag,Quaia_pmcut_G20.5_bmin30_pm_tot<0.5,30.0,20.5,,0.5,0,1.55604088306427,0.01701483272025586,0.0165772162723238
wagenveld,2MRS_clean,O2_bmin_mag,Quaia_pmcut_G20.5_bmin30_pm_sig<2,30.0,20.5,2.0,,0,1.55604088306427,0.01701483272025586,0.01936175596840744
wagenveld,2MRS_clean,O2_bmin_mag,Quaia_pmcut_G20.5_bmin30_pm_tot<1&pm_sig<2,30.0,20.5,2.0,1.0,0,1.55604088306427,0.01701483272025586,0.018737125218568813
wagenveld,2MRS_clean,O2_bmin_mag,Quaia_pmcut_G20.5_bmin30_pm_sig<3,30.0,20.5,3.0,,0,1.55604088306427,0.01701483272025586,0.01613617779081523
wagenveld,2MRS_clean,O2_bmin_mag,Quaia_pmcut_G20.5_bmin30_pm_tot<1&pm_sig<3,30.0,20.5,3.0,1.0,0,1.55604088306427,0.01701483272025586,0.016058085587187763
wagenveld,2MRS_clean,O2_bmin_mag,Quaia_pmcut_G20.5_bmin30_none,30.0,20.5,,,1,1.55604088306427,0.01701483272025586,0.014588990505070575
wagenveld,2MRS_clean,O2_bmin_mag,Quaia_pmcut_G20.5_bmin30_pm_tot<1,30.0,20.5,,1.0,0,1.55604088306427,0.01701483272025586,0.015576016344857616
wagenveld,2MRS_clean,O2_bmin_mag,Quaia_G20.5_pmSiglt2_z0p6p1p0,30.0,20.5,2.0,,0,0.8184481912564778,0.01701483272025586,0.022737873762563796
wagenveld,2MRS_clean,O2_bmin_mag,Quaia_G20.5_pmSiglt2_z1p0p1p5,30.0,20.5,2.0,,0,1.2607082545033923,0.01701483272025586,0.016600098784328422
wagenveld,2MRS_clean,O2_bmin_mag,Quaia_G20.5_pmSiglt2_z1p5p3p0,30.0,20.5,2.0,,0,2.057584213322741,0.01701483272025586,0.01985697358642347
wagenveld,2MRS_clean,O3_bmin_mag_pm,Quaia_G<20.0_pmSig_lt2_0p6_1p0,,,,,0,0.8180457891365732,0.015830480942858393,0.013010318767720762
wagenveld,2MRS_clean,O3_bmin_mag_pm,Quaia_G<20.0_pmSig_lt2_1p0_1p5,,,,,0,1.2593244815869629,0.015830480942858393,0.01745758497988559
wagenveld,2MRS_clean,O3_bmin_mag_pm,Quaia_G<20.0_pmSig_lt2_1p5_3p0,,,,,0,2.063375928734873,0.015830480942858393,0.01525687308926249
wagenveld,2MRS_clean,O3_bmin_mag_pm,Quaia_maskscan_G20.0_bmin20,20.0,,,,0,1.5216184854507446,0.021450833818210804,0.01872127995091164
wagenveld,2MRS_clean,O3_bmin_mag_pm,Quaia_maskscan_G20.0_bmin25,25.0,,,,0,1.525849223136902,0.0186406573805346,0.015896111427221808
wagenveld,2MRS_clean,O3_bmin_mag_pm,Quaia_maskscan_G20.0_bmin30,30.0,,,,0,1.529037594795227,0.015830480942858393,0.011919504170127476
wagenveld,2MRS_clean,O3_bmin_mag_pm,Quaia_maskscan_G20.0_bmin35,35.0,,,,0,1.531247854232788,0.013020304505182188,0.010305870881104125
wagenveld,2MRS_clean,O3_bmin_mag_pm,Quaia_maskscan_G20.5_bmin20,20.0,,,,0,1.5471723079681396,0.021450833818210804,0.023753558549498135
wagenveld,2MRS_clean,O3_bmin_mag_pm,Quaia_maskscan_G20.5_bmin25,25.0,,,,0,1.5523033142089844,0.0186406573805346,0.020002921743036278
wagenveld,2MRS_clean,O3_bmin_mag_pm,Quaia_maskscan_G20.5_bmin30,30.0,,,,0,1.55604088306427,0.015830480942858393,0.01713924813495295
wagenveld,2MRS_clean,O3_bmin_mag_pm,Quaia_maskscan_G20.5_bmin35,35.0,,,,0,1.5588762760162354,0.013020304505182188,0.015405041068741411
wagenveld,2MRS_clean,O3_bmin_mag_pm,Quaia_pmcut_G20.0_bmin30_pm_tot<1&pm_sig<2,30.0,20.0,2.0,1.0,0,1.529037594795227,0.013431881670999447,0.014998486673131346
wagenveld,2MRS_clean,O3_bmin_mag_pm,Quaia_pmcut_G20.0_bmin30_pm_sig<2,30.0,20.0,2.0,,0,1.529037594795227,0.013520175157935323,0.015457960074089684
wagenveld,2MRS_clean,O3_bmin_mag_pm,Quaia_pmcut_G20.0_bmin30_pm_tot<0.5,30.0,20.0,,0.5,0,1.529037594795227,0.0127654730875379,0.011379963365783256
wagenveld,2MRS_clean,O3_bmin_mag_pm,Quaia_pmcut_G20.0_bmin30_pm_sig<3,30.0,20.0,3.0,,0,1.529037594795227,0.013875452821400064,0.011479632725463304
wagenveld,2MRS_clean,O3_bmin_mag_pm,Quaia_pmcut_G20.0_bmin30_pm_tot<1,30.0,20.0,,1.0,0,1.529037594795227,0.012721326344069962,0.010380089054107084
wagenveld,2MRS_clean,O3_bmin_mag_pm,Quaia_pmcut_G20.0_bmin30_none,30.0,20.0,,,1,1.529037594795227,0.010823723853257219,0.010216112742900131
wagenveld,2MRS_clean,O3_bmin_mag_pm,Quaia_pmcut_G20.5_bmin30_pm_tot<0.5,30.0,20.5,,0.5,0,1.55604088306427,0.016037723808774725,0.016603404742563985
wagenveld,2MRS_clean,O3_bmin_mag_pm,Quaia_pmcut_G20.5_bmin30_pm_sig<2,30.0,20.5,2.0,,0,1.55604088306427,0.016792425879172145,0.01938947679725044
wagenveld,2MRS_clean,O3_bmin_mag_pm,Quaia_pmcut_G20.5_bmin30_pm_tot<1&pm_sig<2,30.0,20.5,2.0,1.0,0,1.55604088306427,0.016704132392236268,0.018763147272606598
wagenveld,2MRS_clean,O3_bmin_mag_pm,Quaia_pmcut_G20.5_bmin30_pm_sig<3,30.0,20.5,3.0,,0,1.55604088306427,0.017147703542636887,0.016162697698796386
wagenveld,2MRS_clean,O3_bmin_mag_pm,Quaia_pmcut_G20.5_bmin30_pm_tot<1&pm_sig<3,30.0,20.5,3.0,1.0,0,1.55604088306427,0.01705941005570101,0.016082137943989737
wagenveld,2MRS_clean,O3_bmin_mag_pm,Quaia_pmcut_G20.5_bmin30_none,30.0,20.5,,,1,1.55604088306427,0.01409597457449404,0.014615973731185134
wagenveld,2MRS_clean,O3_bmin_mag_pm,Quaia_pmcut_G20.5_bmin30_pm_tot<1,30.0,20.5,,1.0,0,1.55604088306427,0.015993577065306783,0.015599995765431826
wagenveld,2MRS_clean,O3_bmin_mag_pm,Quaia_G20.5_pmSiglt2_z0p6p1p0,30.0,20.5,2.0,,0,0.8184481912564778,0.0198132869910247,0.02278365030083775
wagenveld,2MRS_clean,O3_bmin_mag_pm,Quaia_G20.5_pmSiglt2_z1p0p1p5,30.0,20.5,2.0,,0,1.2607082545033923,0.0198132869910247,0.016637345392131804
wagenveld,2MRS_clean,O3_bmin_mag_pm,Quaia_G20.5_pmSiglt2_z1p5p3p0,30.0,20.5,2.0,,0,2.057584213322741,0.0198132869910247,0.019877179189687184
wagenveld,2MRS_clean,O4_full_plus_z,Quaia_G<20.0_pmSig_lt2_0p6_1p0,,,,,0,0.8180457891365732,0.016521843008683628,0.013088825388721885
wagenveld,2MRS_clean,O4_full_plus_z,Quaia_G<20.0_pmSig_lt2_1p0_1p5,,,,,0,1.2593244815869629,0.016153132667719738,0.017520521010418972
wagenveld,2MRS_clean,O4_full_plus_z,Quaia_G<20.0_pmSig_lt2_1p5_3p0,,,,,0,2.063375928734873,0.015481307609536704,0.015283518691502502
wagenveld,2MRS_clean,O4_full_plus_z,Quaia_maskscan_G20.0_bmin20,20.0,,,,0,1.5216184854507446,0.021537402786424117,0.018765807990338747
wagenveld,2MRS_clean,O4_full_plus_z,Quaia_maskscan_G20.0_bmin25,25.0,,,,0,1.525849223136902,0.018732152878366416,0.015938921086098717
wagenveld,2MRS_clean,O4_full_plus_z,Quaia_maskscan_G20.0_bmin30,30.0,,,,0,1.529037594795227,0.01592777391907671,0.011956670944102424
wagenveld,2MRS_clean,O4_full_plus_z,Quaia_maskscan_G20.0_bmin35,35.0,,,,0,1.531247854232788,0.013124212221296765,0.010336588367545429
wagenveld,2MRS_clean,O4_full_plus_z,Quaia_maskscan_G20.5_bmin20,20.0,,,,0,1.5471723079681396,0.021516051294103018,0.02381348803352916
wagenveld,2MRS_clean,O4_full_plus_z,Quaia_maskscan_G20.5_bmin25,25.0,,,,0,1.5523033142089844,0.018710049166798304,0.02005565035151317
wagenveld,2MRS_clean,O4_full_plus_z,Quaia_maskscan_G20.5_bmin30,30.0,,,,0,1.55604088306427,0.015905211325878434,0.01718447389811461
wagenveld,2MRS_clean,O4_full_plus_z,Quaia_maskscan_G20.5_bmin35,35.0,,,,0,1.5588762760162354,0.013101127297890421,0.015438163092021208
wagenveld,2MRS_clean,O4_full_plus_z,Quaia_pmcut_G20.0_bmin30_pm_tot<1&pm_sig<2,30.0,20.0,2.0,1.0,0,1.529037594795227,0.01347389410127586,0.01504458106302333
wagenveld,2MRS_clean,O4_full_plus_z,Quaia_pmcut_G20.0_bmin30_pm_sig<2,30.0,20.0,2.0,,0,1.529037594795227,0.013558076955749808,0.015501001819467786
wagenveld,2MRS_clean,O4_full_plus_z,Quaia_pmcut_G20.0_bmin30_pm_tot<0.5,30.0,20.0,,0.5,0,1.529037594795227,0.012793808868006927,0.011429738795849161
wagenveld,2MRS_clean,O4_full_plus_z,Quaia_pmcut_G20.0_bmin30_pm_sig<3,30.0,20.0,3.0,,0,1.529037594795227,0.013919165286002759,0.011517771605131715
wagenveld,2MRS_clean,O4_full_plus_z,Quaia_pmcut_G20.0_bmin30_pm_tot<1,30.0,20.0,,1.0,0,1.529037594795227,0.012751717440769954,0.010419096927713308
wagenveld,2MRS_clean,O4_full_plus_z,Quaia_pmcut_G20.0_bmin30_none,30.0,20.0,,,1,1.529037594795227,0.010858791225831464,0.010254290125243894
wagenveld,2MRS_clean,O4_full_plus_z,Quaia_pmcut_G20.5_bmin30_pm_tot<0.5,30.0,20.5,,0.5,0,1.55604088306427,0.01609223461182543,0.016652274729675575
wagenveld,2MRS_clean,O4_full_plus_z,Quaia_pmcut_G20.5_bmin30_pm_sig<2,30.0,20.5,2.0,,0,1.55604088306427,0.016856502699568312,0.01944273444120944
wagenveld,2MRS_clean,O4_full_plus_z,Quaia_pmcut_G20.5_bmin30_pm_tot<1&pm_sig<2,30.0,20.5,2.0,1.0,0,1.55604088306427,0.016772319845094363,0.018810803101311745
wagenveld,2MRS_clean,O4_full_plus_z,Quaia_pmcut_G20.5_bmin30_pm_sig<3,30.0,20.5,3.0,,0,1.55604088306427,0.017217591029821264,0.01621190664571951
wagenveld,2MRS_clean,O4_full_plus_z,Quaia_pmcut_G20.5_bmin30_pm_tot<1&pm_sig<3,30.0,20.5,3.0,1.0,0,1.55604088306427,0.017133408175347316,0.01612332645425719
wagenveld,2MRS_clean,O4_full_plus_z,Quaia_pmcut_G20.5_bmin30_none,30.0,20.5,,,1,1.55604088306427,0.014157216969649968,0.014666438337987973
wagenveld,2MRS_clean,O4_full_plus_z,Quaia_pmcut_G20.5_bmin30_pm_tot<1,30.0,20.5,,1.0,0,1.55604088306427,0.01605014318458846,0.015640971860358344
wagenveld,2MRS_clean,O4_full_plus_z,Quaia_G20.5_pmSiglt2_z0p6p1p0,30.0,20.5,2.0,,0,0.8184481912564778,0.02056467177917933,0.022873911797299085
wagenveld,2MRS_clean,O4_full_plus_z,Quaia_G20.5_pmSiglt2_z1p0p1p5,30.0,20.5,2.0,,0,1.2607082545033923,0.020195141454003217,0.016716855001326233
wagenveld,2MRS_clean,O4_full_plus_z,Quaia_G20.5_pmSiglt2_z1p5p3p0,30.0,20.5,2.0,,0,2.057584213322741,0.019529311873946523,0.01991149317022477
