name,variant,survey,band,freq_MHz,flux_or_mag_cut,D_obs,D_obs_err,RA_deg,RA_err_deg,Dec_deg,Dec_err_deg,l_deg,b_deg,sigma_dir_deg_approx,x_count_slope,alpha_spectral,beta_assumed,D_kin_from_x_alpha,D_ratio_obs_over_kin,reference,notes,z_mean,z_notes
NVSS,baseline,NVSS,radio,1400.0,S ≥ 15 mJy; |b|≥7°; plus bright-source and survey masks (see paper),0.0139,0.0029,151,12,-9,14,248.6919820111538,35.686950427157186,18.34328403457928,0.74,0.75,0.00123,0.00405285,3.429685283195776,"Wagenveld et al. 2025 (A&A 697 A112), arXiv:2503.02470",x and α from Sec. 3.1; D_kin expectation reported as 0.41×10^-2 for β=1.23×10^-3.,1,Shared radio z_mean=1 assumed (Protocol D-BAO v0 sensitivity scaffold).
RACS_low,baseline,RACS-low,radio,887.5,S ≥ 15 mJy; |b|≥7°; plus bright-source and survey masks (see paper),0.0143,0.0024,190,10,3,13,295.97396691200026,65.71710929004476,16.392867191812837,0.72,0.88,0.00123,0.004124928,3.466727176813753,"Wagenveld et al. 2025 (A&A 697 A112), arXiv:2503.02470",x and α from Sec. 3.2; D_kin expectation reported as 0.41×10^-2 for β=1.23×10^-3.,1,Shared radio z_mean=1 assumed (Protocol D-BAO v0 sensitivity scaffold).
CatWISE,baseline,CatWISE AGN (W1-W2 ≥ 0.8; W1<16.5),mid-IR,,W1 < 16.5 (≈0.078 mJy); |b|≥30°; plus Secrest et al. masks; ecliptic-latitude trend modelled,0.0151,0.0016,141,5,-6,6,238.4326941096269,29.932237492808586,7.792743099138619,1.9,1.07,0.00123,0.00729759,2.069176262300294,"Wagenveld et al. 2025 (A&A 697 A112), arXiv:2503.02470",x and α from Sec. 3.3; Table 1 includes ε=(9.2±0.4)×10^-4 for ecliptic-latitude trend.,1.2,From Dam et al. 2022/2023 CatWISE quasar sample: mean z≈1.2; 99% z>0.1; 61% z>1 (selection differs slightly).
NVSS,2MRS_clean,NVSS (2MRS z<0.02 matched sources removed),radio,1400.0,Same as baseline; additionally removes matches to 2MRS with z<0.02 (Table 1 note a),0.012,0.0029,152,14,-10,16,250.42127307992752,35.71160405054945,21.120839870540635,0.74,0.75,0.00123,0.00405285,2.960879381176209,"Wagenveld et al. 2025 (A&A 697 A112), arXiv:2503.02470",Table 1 'NVSSa'. Removes 4681 matches to 2MRS z<0.02 before flux cut.,1,Shared radio z_mean=1 assumed (Protocol D-BAO v0 sensitivity scaffold).
RACS_low,2MRS_clean,RACS-low (2MRS z<0.02 matched sources removed),radio,887.5,Same as baseline; additionally removes matches to 2MRS with z<0.02 (Table 1 note a),0.0134,0.0024,194,11,8,14,306.3751606977795,70.84124382670646,17.738554975089382,0.72,0.88,0.00123,0.004124928,3.248541550301,"Wagenveld et al. 2025 (A&A 697 A112), arXiv:2503.02470",Table 1 'RACS-lowa'. Removes 4314 matches to 2MRS z<0.02 before flux cut.,1,Shared radio z_mean=1 assumed (Protocol D-BAO v0 sensitivity scaffold).
CatWISE,2MRS_clean,CatWISE AGN (2MRS z<0.02 matched sources removed; negligible effect),mid-IR,,Same as baseline; 66 matches to 2MRS z<0.02 removed (paper notes negligible change),0.0151,0.0016,141,5,-6,6,238.4326941096269,29.932237492808586,7.792743099138619,1.9,1.07,0.00123,0.00729759,2.069176262300294,"Wagenveld et al. 2025 (A&A 697 A112), arXiv:2503.02470",Not listed as separate 'a' row in Table 1; included here for convenience as change is negligible.,1.2,From Dam et al. 2022/2023 CatWISE quasar sample: mean z≈1.2; 99% z>0.1; 61% z>1 (selection differs slightly).
