name,variant,survey,band,freq_MHz,flux_or_mag_cut,D_obs,D_obs_err,RA_deg,RA_err_deg,Dec_deg,Dec_err_deg,l_deg,b_deg,sigma_dir_deg_approx,x_count_slope,alpha_spectral,beta_assumed,D_kin_from_x_alpha,D_ratio_obs_over_kin,reference,notes,z_mean,z_notes
Quaia_G<20.0_pmSig_lt2_0p6_1p0,baseline,"Quaia (Gaia–unWISE quasars) G<20.0, pmSig_lt2, z∈[0.6,1.0)",optical+IR,,"G<20.0; pmSig_lt2; |b|≥30°; z∈[0.6,1.0)",0.018081577527363207,0.007280965119535412,198.7928675951767,,-2.9210446510164547,,314.6367476056161,59.410264912986825,24.269888407777966,1.4029236269493006,0.0,0.00123,0.00418559606114764,4.319952824689312,Zenodo Quaia bundle (Secrest/CatWISE-related); user-provided FITS + random_10x; dipole remeasured locally,Debiased by random_10x; sigma_mag combines mask-scan amplitude std + shot proxy sqrt(3/N); sigma_dir=max separation across |b|≥20/25/30 after cuts.,0.8180457891365732,z_mean from Quaia redshift_quaia within bin; used by BAO harness.
Quaia_G<20.0_pmSig_lt2_0p6_1p0,2MRS_clean,"Quaia (Gaia–unWISE quasars) G<20.0, pmSig_lt2, z∈[0.6,1.0)",optical+IR,,"G<20.0; pmSig_lt2; |b|≥30°; z∈[0.6,1.0)",0.018081577527363207,0.007280965119535412,198.7928675951767,,-2.9210446510164516,,314.6367476056161,59.410264912986825,24.269888407777966,1.4029236269493006,0.0,0.00123,0.00418559606114764,4.319952824689312,Zenodo Quaia bundle (Secrest/CatWISE-related); user-provided FITS + random_10x; dipole remeasured locally,Debiased by random_10x; sigma_mag combines mask-scan amplitude std + shot proxy sqrt(3/N); sigma_dir=max separation across |b|≥20/25/30 after cuts.,0.8180457891365732,z_mean from Quaia redshift_quaia within bin; used by BAO harness.
Quaia_G<20.0_pmSig_lt2_1p0_1p5,baseline,"Quaia (Gaia–unWISE quasars) G<20.0, pmSig_lt2, z∈[1.0,1.5)",optical+IR,,"G<20.0; pmSig_lt2; |b|≥30°; z∈[1.0,1.5)",0.02032611540959731,0.005967880312934136,215.28856673351794,,-6.896128795073044,,338.7262021950318,49.637401631455425,10.100323703954537,1.4029236269493006,0.0,0.00123,0.00418559606114764,4.856205690337002,Zenodo Quaia bundle (Secrest/CatWISE-related); user-provided FITS + random_10x; dipole remeasured locally,Debiased by random_10x; sigma_mag combines mask-scan amplitude std + shot proxy sqrt(3/N); sigma_dir=max separation across |b|≥20/25/30 after cuts.,1.2593244815869629,z_mean from Quaia redshift_quaia within bin; used by BAO harness.
Quaia_G<20.0_pmSig_lt2_1p0_1p5,2MRS_clean,"Quaia (Gaia–unWISE quasars) G<20.0, pmSig_lt2, z∈[1.0,1.5)",optical+IR,,"G<20.0; pmSig_lt2; |b|≥30°; z∈[1.0,1.5)",0.02032611540959731,0.005967880312934136,215.28856673351794,,-6.896128795073045,,338.7262021950318,49.637401631455425,10.100323703954537,1.4029236269493006,0.0,0.00123,0.00418559606114764,4.856205690337002,Zenodo Quaia bundle (Secrest/CatWISE-related); user-provided FITS + random_10x; dipole remeasured locally,Debiased by random_10x; sigma_mag combines mask-scan amplitude std + shot proxy sqrt(3/N); sigma_dir=max separation across |b|≥20/25/30 after cuts.,1.2593244815869629,z_mean from Quaia redshift_quaia within bin; used by BAO harness.
Quaia_G<20.0_pmSig_lt2_1p5_3p0,baseline,"Quaia (Gaia–unWISE quasars) G<20.0, pmSig_lt2, z∈[1.5,3.0)",optical+IR,,"G<20.0; pmSig_lt2; |b|≥30°; z∈[1.5,3.0)",0.02111643732643451,0.004173651559954427,201.63595286523503,,-3.7488974489412183,,319.61999973721584,57.98087853649593,7.9490563965935666,1.4029236269493006,0.0,0.00123,0.00418559606114764,5.0450251333246525,Zenodo Quaia bundle (Secrest/CatWISE-related); user-provided FITS + random_10x; dipole remeasured locally,Debiased by random_10x; sigma_mag combines mask-scan amplitude std + shot proxy sqrt(3/N); sigma_dir=max separation across |b|≥20/25/30 after cuts.,2.063375928734873,z_mean from Quaia redshift_quaia within bin; used by BAO harness.
Quaia_G<20.0_pmSig_lt2_1p5_3p0,2MRS_clean,"Quaia (Gaia–unWISE quasars) G<20.0, pmSig_lt2, z∈[1.5,3.0)",optical+IR,,"G<20.0; pmSig_lt2; |b|≥30°; z∈[1.5,3.0)",0.02111643732643451,0.004173651559954427,201.63595286523503,,-3.7488974489412215,,319.61999973721584,57.98087853649593,7.9490563965935666,1.4029236269493006,0.0,0.00123,0.00418559606114764,5.0450251333246525,Zenodo Quaia bundle (Secrest/CatWISE-related); user-provided FITS + random_10x; dipole remeasured locally,Debiased by random_10x; sigma_mag combines mask-scan amplitude std + shot proxy sqrt(3/N); sigma_dir=max separation across |b|≥20/25/30 after cuts.,2.063375928734873,z_mean from Quaia redshift_quaia within bin; used by BAO harness.
