iter,l,b,beta,dAICc,dAIC,chi2,chi2_null,dtheta_cmb,success
0,248.80713023716012,21.626535550588986,0.23208412377617282,-37.57776229519964,-42.37776229519964,6.6288153359497795,55.00657763114942,29.27833716760174,True
1,246.40933307091694,42.02088607050402,0.2544996082334199,-48.8481035586626,-53.6481035586626,3.876854647564819,63.52495820622742,13.854885147253903,True
2,220.97557737352702,26.17557805355476,0.19573311782247005,-21.97593246714885,-26.775932467148852,3.7648988244284465,36.5408312915773,40.01983937706638,True
3,231.3125959632036,15.648984426557854,0.28441528712571773,-58.246353368419776,-63.04635336841977,3.387217430939412,72.43357079935919,42.204941413770975,True
4,208.8622744042769,21.032045162134892,0.2736295019413982,-47.53243291961324,-52.33243291961324,4.751969091796186,63.08440201140942,51.477494086429815,True
5,234.83470115669928,31.919849172509146,0.19909330371564596,-25.295069539070017,-30.095069539070018,1.7815364007222882,37.876605939792306,27.390789535288686,True
6,219.68895822914658,19.45368525013938,0.2484327186150614,-40.288414723386936,-45.08841472338693,2.9729579380684408,54.06137266145537,45.76759701734877,True
7,225.60246307359867,15.028927793647469,0.25498429716984394,-43.33892301459895,-48.138923014598944,13.049221473216317,67.18814448781526,45.78880013688223,True
8,222.72194661049835,20.429986485738894,0.25942836019343685,-46.02918316416057,-50.82918316416057,5.036926567175722,61.866109731336294,43.18071741273293,True
9,231.56551042383424,28.910472173745838,0.20318516551674132,-26.289643615758237,-31.089643615758234,8.642209920000687,45.73185353575892,31.513479783173413,True
10,226.99772630347536,23.527511158610597,0.22671567306739177,-33.96885128201404,-38.76885128201404,14.579583958077372,59.34843524009141,38.256944906902724,True
11,195.79085506066593,23.816488701592988,0.29797468905294444,-52.40992940740726,-57.209929407407266,6.720870165149598,69.93079957255686,58.18377021502173,True
12,240.84382469342353,2.632450439825491,0.20094966223735933,-21.354876748767985,-26.154876748767986,2.938430996236047,35.09330774500403,49.77994007414079,True
13,228.23321235313512,25.467654132746397,0.2694974694514859,-53.166631488707864,-57.96663148870787,12.653842683672687,76.62047417238055,36.05427840550545,True
14,210.91549514787215,11.523204629325974,0.24319210238560054,-33.564008883637634,-38.36400888363763,4.610137931678926,48.97414681531656,57.26732937564911,True
15,227.22423922556237,11.586583703989131,0.24907598125313551,-40.14853905163805,-44.94853905163805,2.7168778597445558,53.66541691138261,47.76522466163922,True
16,231.7407169616916,20.86675756303076,0.22553600368632185,-33.77860408235803,-38.57860408235803,2.0983459978528423,46.67695008021087,37.64908348867111,True
17,240.6276421889865,15.47744363923896,0.27861850048030534,-56.753986696147564,-61.55398669614756,8.994830155235649,76.54881685138321,37.99628909812253,True
18,233.51790444135412,28.228721540787962,0.2590218221377467,-49.708420855623416,-54.50842085562341,2.6404912962025815,63.148912151825996,30.867501676084363,True
19,246.59984364405983,2.9355553103686374,0.2781486447888678,-51.11318083797035,-55.91318083797035,3.2752384240043932,65.18841926197474,47.72606049175753,True
20,230.81004619559226,22.338256914420352,0.20873801388413818,-27.49931995763146,-32.29931995763146,11.366334510729935,49.665654468361396,36.97975943951041,True
21,245.30543315002473,16.875317484842306,0.2913778265759661,-63.870901704306135,-68.67090170430613,3.9480438477147537,78.61894555202089,34.90899029130111,True
22,225.31481973691496,0.7574044740478291,0.2420902441893401,-33.27199057718205,-38.071990577182056,12.27953754031251,56.35152811749457,58.033997788487376,True
23,228.6762916871695,20.26534812504169,0.2202723645436259,-31.182343527283766,-35.98234352728377,3.9875829292380507,45.96992645652182,39.83237512142084,True
24,234.33665967071028,19.644816449206992,0.2702738882930344,-53.34080851394383,-58.140808513943824,3.919095408215611,68.05990392215944,37.2861434587433,True
25,233.62591468615454,21.12680863242982,0.30837563775449606,-73.07567101867852,-77.87567101867852,5.46152762005976,89.33719863873827,36.424466720282254,True
26,235.6428000601204,25.70997119324506,0.19313007120375866,-22.790768919406954,-27.590768919406955,11.632988107859214,45.22375702726617,31.624963807195005,True
27,238.17706573004034,20.084901549890834,0.348662651498568,-97.01554061792989,-101.81554061792988,2.8469024911231378,110.66244310905303,35.01299035613479,True
28,227.3890327308273,18.225112656921816,0.2404661619917089,-38.5238170552591,-43.323817055259106,2.5942973604407924,51.9181144156999,42.19482778423099,True
29,221.45591414657864,17.748444479142947,0.18989852013375402,-19.077912462511122,-23.877912462511123,4.58694578533581,34.464858247846934,46.012936898077314,True
30,244.7574886544329,13.200216028695653,0.21460465339778756,-28.87796763797854,-33.67796763797854,3.1361613538600044,42.814128991838544,38.52572359193955,True
31,255.25190187095598,28.949291264327965,0.26593416189674945,-53.67252617618223,-58.472526176182235,4.763482071062151,69.23600824724438,20.451405127684446,True
32,219.3598678980032,22.060927252448067,0.18706967630338428,-18.450891782833928,-23.250891782833925,3.2065753251141778,32.457467107948105,44.01563596774525,True
33,221.9554382554197,8.869064759205244,0.26752481545567036,-45.56903172481487,-50.369031724814874,1.5967866249303773,57.96581834974525,52.884246535806355,True
34,233.7725612759022,17.984580844156973,0.28085515525177474,-57.82919921359258,-62.62919921359258,27.143642415309294,95.77284162890187,38.97249642015495,True
35,218.77848957326813,28.125488676097405,0.2341846926334643,-35.858730481104196,-40.6587304811042,7.708605406562565,54.36733588766676,40.07737098367836,True
36,231.49819198931314,13.743401110187012,0.2528001537849083,-43.19642852421484,-47.996428524214835,4.169705704142286,58.16613422835712,43.73029374135856,True
37,204.22417182397896,17.618846781938508,0.24237455504062577,-32.65936736779656,-37.45936736779656,3.5535311381713783,47.01289850596794,56.969804950294,True
38,230.62057712709867,3.4939099041037935,0.26395069415357275,-43.85114264029308,-48.651142640293074,3.7666557040423636,58.41779834433544,53.107894200203184,True
39,232.17518439056576,10.886028849605118,0.27496219831200885,-52.0878114181304,-56.8878114181304,9.09783108669494,71.98564250482534,45.8659325095587,True
40,227.04654050868294,15.278317610118485,0.23241840249879345,-34.51491737024028,-39.31491737024029,6.078086012985262,51.39300338322555,44.78582747066659,True
41,245.7501932630993,5.205070641275175,0.18265810745690675,-16.394786944976914,-21.194786944976915,5.901500513016049,33.096287457992965,45.7849707930367,True
42,250.53916707261936,8.441133736871194,0.2198849085794529,-29.479987231433977,-34.27998723143398,1.4553790035298297,41.735366234963806,41.40947776523318,True
43,222.00420911613446,15.865824748819584,0.2535519582388836,-42.086787658782356,-46.88678765878235,13.299228520008443,66.1860161787908,47.171015809726484,True
44,212.85611701511903,11.078946065228108,0.2566643126190174,-39.127184741401415,-43.92718474140141,7.472706429446012,57.399891170847425,56.418259217003104,True
45,227.85494708926655,22.654068154267886,0.2699297730460103,-52.66680079186071,-57.46680079186071,5.649378583134457,69.11617937499517,38.423536205036434,True
46,215.58802798236508,12.702847862971677,0.20960310418732273,-23.43150709576333,-28.231507095763327,7.601857210996412,41.83336430675974,53.48507222218622,True
47,243.30964500218857,20.283431054174685,0.24919993365162113,-44.653969099477735,-49.45396909947773,10.685105407539137,66.13907450701687,32.55935150013883,True
48,243.293803592019,28.580219158916947,0.20751458174783038,-28.679095896145327,-33.479095896145324,11.632171974873021,51.11126787101835,25.33973021247533,True
49,237.16357114234978,18.25598914897664,0.23037806687407442,-35.795744415576024,-40.59574441557602,1.5187914574530703,48.11453587302909,37.07525121633497,True
50,209.80894444610647,9.895654614297104,0.24253150853538813,-32.5251823940347,-37.325182394034705,8.25408877540432,51.579271169439025,59.216043176508656,True
51,237.042364905477,21.409339222075943,0.27477073147960207,-56.389339884992154,-61.18933988499215,8.234252676828657,75.42359256182081,34.433588945191104,True
52,244.6358590576918,22.057433538567352,0.23288757805424315,-38.011073599387906,-42.8110735993879,1.5428731218711231,50.35394672125903,30.42328922163259,True
53,241.35038192134326,16.837164413337867,0.17295105051141715,-15.439225669345024,-20.239225669345025,12.909271697695374,39.1484973670404,36.47017342856588,True
54,229.31625450309548,43.56515957890631,0.20746119219511747,-27.747724378060962,-32.54772437806096,3.3113652988096125,41.859089676870575,24.38067025033539,True
55,207.14327864030471,15.035176018904721,0.2611676216537235,-40.06254131137413,-44.86254131137413,3.4095442675497054,54.272085578923836,56.980471560345,True
56,215.41850826298483,11.986352288499123,0.27526214000092974,-47.91341083155546,-52.713410831555464,3.2111081557161922,61.924518987271654,54.15069814762165,True
57,227.53434603391338,18.762494728003084,0.2532129616030631,-44.06380377585364,-48.86380377585364,1.1434740761304758,56.007277851984114,41.68052325579482,True
58,251.6826750276673,29.187623791433595,0.16326335047650065,-13.629121997271703,-18.4291219972717,4.320170906732349,28.74929290400405,21.29543975916648,True
59,226.17391748579092,36.8325834220464,0.21261535107122995,-29.467466167158626,-34.26746616715863,4.359732292012407,44.627198459171034,29.76157342250105,True
60,241.2342682833734,19.92712143196944,0.15642976362259708,-10.9795453906811,-15.7795453906811,1.0693098710443474,22.848855261725447,33.756409311362425,True
61,215.38392651127833,9.05884479142398,0.2780654592891405,-47.96786258371269,-52.767862583712684,4.193144138838801,62.96100672255149,56.496390101829384,True
62,220.7050747451957,28.871370987053155,0.24209885222245603,-39.6542996434899,-44.4542996434899,6.083344488854882,56.53764413234478,38.32673737820588,True
63,214.612964203564,21.819293414368527,0.19547498375747835,-20.241207069444286,-25.041207069444287,5.117750651188583,36.15895772063287,47.19439831689961,True
64,216.53213946857352,20.8739325195222,0.26818520963509873,-48.06636758130217,-52.86636758130217,11.000102869250416,69.86647045055258,46.66648467312298,True
65,232.557028119535,19.829980369079273,0.2666039878413341,-51.36424388564866,-56.164243885648666,3.951943080052751,66.11618696570142,38.06026671994236,True
66,237.76955489876192,19.656557321718374,0.25095689842608737,-44.911835486420216,-49.71183548642021,1.6887100474374233,57.40054553385764,35.57638107962117,True
67,241.61146626995682,12.92895303227614,0.24334949117598326,-40.03553221751024,-44.835532217510234,3.1805332620141895,54.01606547952443,39.92483405454764,True
68,235.31290029099114,6.371038931228663,0.25024476380985183,-40.086630467693325,-44.88663046769332,4.2789639242795765,55.1655943919729,48.457094222861585,True
69,236.56245932631907,-1.696916997891765,0.2681875883219496,-44.018954892583665,-48.81895489258366,4.666883583893945,59.48583847647761,55.35575724882773,True
70,216.61941851637562,23.029174385211842,0.30281268528441196,-64.9739640876099,-69.7739640876099,6.477667702064957,82.25163178967486,45.03830272842483,True
71,233.94650553470333,26.796065710748877,0.2397662355325646,-40.92155549044004,-45.721555490440046,2.6865150424234514,54.4080705328635,31.714379416652573,True
72,226.16286886579348,22.57504500644584,0.18613692043705365,-19.170302667431763,-23.970302667431763,1.471012548213494,31.441315215645258,39.48027819723242,True
73,223.88711982795775,27.660640622074965,0.2697963886113186,-52.59604522380219,-57.39604522380219,2.7778149278436235,66.17386015164581,37.13215745531352,True
74,218.4923818958117,14.819236834050272,0.3001999783365495,-61.53797616696926,-66.33797616696926,7.034743571395083,79.37271973836434,50.076014699959465,True
75,215.83531539714414,26.188855097004605,0.25825638354735914,-44.698744701567726,-49.49874470156773,6.333883352490691,61.83262805405842,43.31178812057834,True
76,228.67303658439587,23.88758857362962,0.21218790159529022,-28.71226947315138,-33.51226947315138,1.7518613031758066,41.264130776327185,36.993730199713916,True
77,231.78722552929335,11.375793014433192,0.3051405882311421,-66.804240923511,-71.604240923511,2.1450725121597514,79.74931343567076,45.6276011142243,True
78,234.44778415039121,20.16587334035085,0.27157715627395523,-54.126734899801214,-58.92673489980121,7.533600572667103,72.46033547246832,36.79267560767728,True
79,216.52149376268397,1.801149224378464,0.2559090672833846,-36.707853406123135,-41.50785340612314,5.383822340255238,52.891675746378375,61.766302883029326,True
80,242.71946214304435,6.5372368227645214,0.24682772590498242,-39.316929547583,-44.116929547583005,8.089891908011595,58.2068214555946,45.471696083931214,True
81,230.39025838839615,40.678828426865266,0.27518354803230066,-57.479123685824376,-62.27912368582437,10.325805538465517,78.60492922428989,24.938999145143633,True
82,213.58308855598642,25.265919506533148,0.27504587362795974,-51.10120510369044,-55.901205103690444,11.558610905486777,73.45981600917722,45.415353579404176,True
83,219.3984437581966,14.99196763177673,0.23938286971199366,-35.475507788762144,-40.27550778876214,6.146710727456924,52.42221851621907,49.399260144986584,True
84,221.43744984871864,11.344696377664928,0.17949526576970895,-14.928781222096028,-19.72878122209603,8.343387044694257,34.072168266790285,51.138502412229926,True
85,217.38959954684287,39.934515711135795,0.2610952342336452,-47.708576907062685,-52.50857690706269,4.926195425039108,63.434772332101794,33.95083174830175,True
86,210.10832280255943,44.551436549693996,0.23784908284219825,-35.890498412562025,-40.69049841256202,6.679628798815127,53.37012721137715,36.5915482298687,True
87,240.97711061791057,13.489126849569566,0.278780184599724,-56.097028247080814,-60.89702824708082,8.265633836881129,75.16266208396195,39.660133253475365,True
88,256.0489906129842,20.621384753394963,0.23013773496592566,-36.13805162085407,-40.93805162085407,20.511247447076926,67.449299067931,28.366640788607114,True
89,227.33785458264333,6.780126514571345,0.22963994601970622,-31.12351165028877,-35.923511650288766,4.819543454870567,46.743055105159335,51.80627027575518,True
90,257.48115631242433,28.40295366823751,0.17875487487466873,-18.170898236641964,-22.970898236641965,2.8203234043465226,31.791221640988486,20.483438785843646,True
91,230.08057182205602,18.88666327588625,0.2510101103088467,-43.646569359912554,-48.44656935991256,6.113191306299957,60.55976066621251,40.16743518566799,True
92,216.0060636262436,30.698761554871325,0.2410252047186779,-38.19651538628476,-42.996515386284756,6.003830951574119,55.00034633785888,40.191916758197415,True
93,215.84593432340154,49.14530344222515,0.18077919904083897,-16.768855342541602,-21.568855342541603,4.152977783987518,31.72183312652912,31.26498723000007,True
94,231.36836505417176,29.265420683944143,0.23723782056480958,-39.771423099151775,-44.57142309915177,10.59836666494268,61.16978976409445,31.37382376599698,True
95,224.2783753672879,9.472844772608429,0.3159853614806656,-69.0509465364329,-73.8509465364329,14.786004505621007,94.63695104205391,51.112528162012424,True
96,244.40154897254394,8.427234215406,0.2380765366119878,-36.51620019573109,-41.316200195731085,4.182315751673835,51.49851594740492,43.13401608836634,True
97,231.10149706985595,31.231168737494496,0.25520332511533667,-47.87940252160074,-52.679402521600736,12.416566265355097,71.09596878695584,30.142917512062603,True
98,237.96066395637666,28.50845141442352,0.28430635240928154,-62.834223171762886,-67.63422317176288,10.793093017381008,84.4273161891439,28.149276251297074,True
99,214.32386804768583,6.14735126515504,0.2509037638610029,-35.770219951196125,-40.57021995119612,2.5511467414834472,49.12136669267957,59.4623162632404,True
100,232.51441082729855,16.60246751308022,0.25632758389471305,-45.772567675665385,-50.57256767566539,8.857080024859705,65.4296477005251,40.78218393131483,True
101,229.67158057048454,20.104531098159192,0.23380944309527754,-36.63494662514057,-41.43494662514057,4.848742725226338,52.283689350366906,39.40408460556569,True
102,215.28857862636465,31.27835417734083,0.2797224130928604,-55.00936534184757,-59.80936534184757,4.555115753391776,70.36448109523934,40.29624962322327,True
103,236.6822352500757,8.800858657028522,0.29607754485048,-61.91205954277979,-66.7120595427798,5.5415129528604785,78.25357249564027,45.68031705317982,True
104,224.69620074748377,31.374482931622175,0.21907828073715327,-31.48483192777301,-36.284831927773006,6.216541770309396,48.5013736980824,34.085908523978624,True
105,226.3978636399188,25.72496379156714,0.2573850487641324,-47.185636063547136,-51.98563606354713,5.512350842282531,63.49798690582966,36.9701094911963,True
106,227.7143803191853,20.27391704042999,0.2044851842874729,-25.25160702610184,-30.05160702610184,4.32638796569018,40.37799499179202,40.37149525595615,True
107,226.7882228805648,23.61778315483144,0.17769066912445752,-16.68681918801705,-21.48681918801705,2.454605520311477,29.941424708328526,38.31280158198852,True
108,235.03812575698385,29.384552464143148,0.24537170358656743,-43.829481745034585,-48.62948174503458,2.3705182648807166,57.0000000099153,29.11974342082187,True
109,224.25837878863732,26.485078348975442,0.2561700600588056,-46.25943287443289,-51.059432874432886,7.191319182884766,64.25075205731765,37.7351727101887,True
110,233.85920324919863,-1.1120899346506543,0.27676082428159854,-47.537552800061704,-52.33755280006171,3.152789318649936,61.490342118711645,55.86773067515542,True
111,228.89734423088944,6.509273774392332,0.2875030843725503,-55.170319551196215,-59.97031955119622,1.4231500808517208,67.39346963204794,51.268613440557786,True
112,237.02639207172803,17.035447106432322,0.24748797069455825,-42.637470573672104,-47.4374705736721,3.276775025532276,56.714245599204375,38.201154648671015,True
113,216.21596552537642,29.9359432757363,0.25810871047235356,-45.35454005293427,-50.15454005293427,1.5605938165275155,57.71513386946179,40.54687300756553,True
114,240.71349227601488,25.49273415459715,0.17577691830917952,-17.244718759825,-22.044718759825,1.3896383155022756,29.434357075327274,29.180804054714233,True
115,243.95075656810997,8.879930268477299,0.16904438083380868,-13.127363133181387,-17.927363133181387,2.1853596532245003,26.112722786405886,42.85463930755078,True
116,240.4330300514825,15.126165794921738,0.28144517670824715,-57.98243668812022,-62.782436688120214,2.4786035859586804,71.2610402740789,38.39413326199626,True
117,244.39888631155537,18.389620636387043,0.24861581229936025,-43.955899605381504,-48.7558996053815,4.877580682530171,59.633480287911674,33.84750946585136,True
118,230.85366973280225,19.36267777223739,0.2533575315077444,-44.93340882533272,-49.733408825332724,8.876168775908802,64.60957760124153,39.35783192982873,True
119,236.10706247446004,28.180701194532077,0.15514900312876545,-11.0367549857062,-15.836754985706198,5.7920932185434655,27.628848204249664,29.428007926548016,True
120,225.86881618568572,10.60542745736155,0.281295641916723,-53.41094064818566,-58.21094064818566,10.21719998160919,74.42814062979485,49.30967231924988,True
121,215.38335311191855,1.600106235563085,0.1799815555349959,-12.504286398490173,-17.30428639849017,2.5654350534551624,25.869721451945335,62.57008445666393,True
122,238.32468247093246,9.37376414573717,0.23611175978175616,-35.765518755509746,-40.56551875550975,3.8415908041765183,50.40710955968627,44.47948371935818,True
123,226.1686938152335,23.300016003301018,0.24687227209252705,-42.064117333173925,-46.86411733317392,3.3803485029367883,56.24446583611071,38.923715754384496,True
124,224.9123689543934,22.52820520056322,0.21477541897011543,-28.885129772590222,-33.68512977259022,8.720084856984842,48.40521462957506,40.26245302290237,True
125,212.91869028084392,24.44038034464218,0.2558162614574608,-42.36158587663098,-47.16158587663098,4.505907627797944,57.667493504428926,46.42281341338102,True
126,239.95751937719257,22.762640661195903,0.1803504059032139,-18.43394691795295,-23.233946917952952,8.075923772242358,37.30987069019531,31.864495303766187,True
127,223.1394678284554,19.605071818829295,0.22860410970008252,-33.25071306145861,-38.05071306145861,3.484149382206332,47.53486244366494,43.56644759292067,True
128,221.97178952945217,6.515703354545323,0.22741238306904274,-29.260702933068288,-34.060702933068285,5.72176414854332,45.78246708161161,54.83702229879157,True
129,254.00026358089707,18.08255890079404,0.19296038143451744,-21.93660014275423,-26.736600142754227,2.8680568477362325,35.60465699049046,31.253703214887715,True
130,216.20945150508499,22.756285567421923,0.264763160500586,-46.925428303110166,-51.72542830311017,12.407117600129164,70.13254590323933,45.49667642527956,True
131,244.75345346197366,12.328000590056192,0.2332111635231257,-35.806520030252614,-40.60652003025261,4.26597071423679,50.872490744489404,39.34427624514812,True
132,211.38940420618584,-6.886538809956157,0.1991469529257994,-15.180097810312727,-19.980097810312728,13.120280818984677,39.1003786292974,71.83525841211795,True
133,230.1666563071151,1.8907000838554904,0.26989406164376106,-45.516531312762154,-50.31653131276215,6.338313124559932,62.65484443732208,54.741380273855306,True
134,229.2349283710347,25.325362993728472,0.2300541790239869,-35.957707485145775,-40.75770748514577,15.267041539741772,62.02474902488755,35.56663393096452,True
135,247.7479546200246,35.80036189139633,0.2628498401373235,-53.108816975432795,-57.9088169754328,2.2696552499270024,66.1784722253598,17.284897560116605,True
136,218.86470368393705,21.81340402531969,0.29743865859474594,-62.87413936612015,-67.67413936612014,13.759171573195575,87.43331093931572,44.507951418768364,True
137,249.08081803295676,14.960574949621925,0.22439297063422728,-32.993636878234426,-37.79363687823443,10.593247685211567,54.386884563445996,35.4981344835653,True
138,225.18289880510326,17.44833292039629,0.2606920032158931,-46.42094456496669,-51.220944564966686,5.759475489824883,62.98042005479157,44.07024383013525,True
139,234.7346693758411,13.621185552017181,0.22722998985532433,-33.18865132787944,-37.98865132787944,2.237070463867852,46.22572179174729,42.25916485420063,True
140,223.72093293000108,3.7056255987107,0.2105174633361368,-23.090063453866904,-27.890063453866905,10.616317888728684,44.50638134259559,56.29100618923716,True
141,221.63236329671508,7.787832362343308,0.29516183571854776,-57.1901766628557,-61.9901766628557,8.606668867076227,76.59684552993193,53.96016977647213,True
142,236.68768326635987,23.150070349532754,0.31898436265851254,-80.28300003257146,-85.08300003257146,2.2207454689596577,93.30374550153113,33.15520986955535,True
143,245.5823388501566,14.2212339347054,0.24158715584666848,-39.79515148803186,-44.59515148803186,7.479807789066579,58.07495927709844,37.288748232594344,True
144,224.0126989607715,15.748089647934535,0.27150371536431706,-50.38996652065014,-55.189966520650145,7.824636291973565,69.0146028126237,46.10369526400843,True
145,230.26776293566172,12.91407584376264,0.23202409670003757,-34.28073327462837,-39.08073327462837,6.4392732644877695,51.52000653911614,45.06144419520037,True
146,236.89918455518455,30.639919095605293,0.27998456295833996,-60.75835184141795,-65.55835184141796,6.643721522934946,78.2020733643529,27.110783386147332,True
147,249.79777329796207,22.739069793209033,0.22559558245844064,-35.07656248171682,-39.87656248171682,9.648706195655334,55.52526867737215,27.913399507861637,True
148,220.76274995531006,43.39937339864083,0.2349548097526898,-37.202977951970816,-42.00297795197082,3.6184210333668965,51.62139898533771,30.122417761408144,True
149,240.75991874106074,22.340430255009707,0.23141831064339669,-37.306987269647905,-42.1069872696479,3.174795042302878,51.281782311950785,31.85339972210077,True
150,234.68453194415565,27.437444515787067,0.22764872386075957,-35.98511038623112,-40.785110386231125,3.645919404743256,50.43102979097438,30.801662076326405,True
151,247.89209663761517,15.928854887220814,0.25368105347061326,-45.50510950002123,-50.30510950002123,4.810905360882946,61.11601486090417,34.931745454032004,True
152,252.44047206015756,33.84758990242005,0.18502060763348097,-20.747084695982817,-25.547084695982818,1.24313169068001,32.79021638666283,16.80334789294045,True
153,210.0532396356071,13.506248733066858,0.256522308455711,-38.86826563631837,-43.66826563631837,4.728939925378185,54.39720556169655,56.28278279552577,True
154,218.12879082097953,1.8681423879589845,0.19395546787787526,-16.7554135380458,-21.5554135380458,5.607581003994962,33.162994542040764,60.822994696590726,True
155,218.6587633265809,17.089141971393765,0.22535402888286338,-30.512088043028346,-35.312088043028346,9.768350215625006,51.08043825865335,48.20815944781434,True
156,232.8118661778408,10.556352064501045,0.2391806741035301,-36.770731114194504,-41.5707311141945,5.087471438808224,52.658202553002724,45.85069226345601,True
157,232.1120059472475,8.841496703255524,0.2688268696333346,-48.47940467723991,-53.27940467723991,7.527248318110467,66.80665299535038,47.686606650224505,True
158,231.3421195142132,9.998449608059568,0.18416824754118327,-17.176519435319797,-21.976519435319798,2.442197065347915,30.418716500667713,47.04121030536104,True
159,210.8199475823276,15.39371393596019,0.28049628919925473,-49.566149189190995,-54.36614918919099,12.396178884336265,72.76232807352726,54.367273579084056,True
160,209.0848009369344,14.767708230835584,0.2127220055074048,-23.373400221457988,-28.17340022145799,2.080316551722527,36.253716773180514,55.939872924496505,True
161,240.38431140910092,20.396952093263216,0.20004021215076961,-24.85286084236677,-29.65286084236677,4.584868327104203,40.237729169470974,33.71935502878761,True
162,225.77330807219738,14.332602223017222,0.2800898682279048,-54.314452706548494,-59.1144527065485,16.625722744251014,81.74017545079951,46.26421723087458,True
163,213.18394221757006,23.208686605956785,0.2135134970924294,-26.116975702539083,-30.916975702539084,13.241792265710963,50.15876796825005,47.11800657692893,True
164,236.10073609868323,-1.8563827380908902,0.20320956035777643,-20.599871623303468,-25.39987162330347,14.15621853176196,45.55609015506543,55.676790232911515,True
165,242.07519258713586,6.128494509763914,0.24279502632027034,-37.519704266206055,-42.31970426620606,8.336915928460026,56.65662019466608,46.07498714125861,True
166,239.6320086369241,24.769823969811362,0.19963347309321083,-25.245851641121472,-30.045851641121473,7.443867412144202,43.489719053265674,30.319263354836977,True
167,232.90546402749044,15.945775171245156,0.256270073616758,-45.61468927102597,-50.41468927102598,5.663344283643571,62.078033554669545,41.14178956633701,True
168,252.52618477886003,15.778446996179557,0.28861238015996854,-61.72575430666008,-66.52575430666008,14.349138340225899,86.87489264688598,33.821235839321126,True
169,235.1908908072632,20.79386517112825,0.24814862614189842,-43.648785912792306,-48.4487859127923,1.3224487184265294,55.77123463121883,35.885829217957074,True
170,237.2708890857844,10.03895254954898,0.2452834787842046,-39.58683780204838,-44.38683780204838,7.213083801941629,57.59992160399001,44.31281401781916,True
171,234.5389209658478,24.790749511151958,0.2538429400873776,-46.92310470084918,-51.72310470084918,3.23164578948561,60.95475049033479,32.960270927970086,True
172,243.42928878391837,8.251557063268914,0.2520378139160732,-42.1395961546395,-46.939596154639496,1.4094375022687857,54.34903365690828,43.62023587867278,True
173,222.24685362728678,-0.8344877511526849,0.1849931395990118,-14.2446558484048,-19.0446558484048,9.97222736473789,35.01688321314269,60.944860455887685,True
174,236.50038534955604,3.183179875587917,0.2557726888168005,-41.18364618776042,-45.98364618776042,15.881967123901283,67.8656133116617,50.874792481140176,True
175,222.4094976355524,21.13600030391259,0.25862364654567505,-45.76525828263365,-50.56525828263365,4.119768674233329,60.68502695686698,42.83076312311482,True
176,227.6445304758219,20.050405805313822,0.20615314649744967,-25.796363779289983,-30.596363779289984,2.0470659701635197,38.6434297494535,40.58883591319659,True
177,213.60821171572746,23.707462871838217,0.20597517073725916,-23.71746884520069,-28.51746884520069,2.15735693762975,36.67482578283044,46.48999399761101,True
178,231.5234672078676,22.07411307711364,0.25236283365266327,-45.2485959251986,-50.0485959251986,5.219120084749094,61.26771600994769,36.793218872420624,True
179,244.53412262589524,33.026139770898574,0.21499952588465432,-31.88449535208264,-36.68449535208264,13.535944448285493,56.22043980036813,21.106077050718472,True
180,232.05043326817338,21.590808237060152,0.20570256070113907,-26.426851724204727,-31.226851724204728,19.677894591589357,56.904746315794085,36.892898288469624,True
181,226.7297127829949,12.191986656050792,0.233025899796198,-33.87456914779274,-38.67456914779274,25.11088200329841,69.78545115109115,47.51946871472261,True
182,243.04673101793486,25.026921200007678,0.26103773681617015,-51.097473948456674,-55.89747394845667,7.648160263411645,69.54563421186832,28.480396313323883,True
183,228.46559979204798,6.22467399834003,0.22322979541934898,-28.824270162554,-33.624270162554,6.044484830514653,45.66875499306865,51.72752798997546,True
184,212.55488418857726,14.580695675420323,0.18986691170913694,-17.05704810741231,-21.85704810741231,8.471287356050093,36.3283354634624,53.89482043723912,True
185,216.57369233530534,12.30169130119987,0.28117994675282276,-51.02022456598965,-55.82022456598965,11.82127719157586,73.6415017575655,53.20806213872952,True
186,222.3807066271404,34.00336084216522,0.24639293041575672,-42.35851566875663,-47.158515668756635,4.106031287213267,57.2645469559699,33.92564785282528,True
187,238.51950666550516,5.995962766368828,0.23941274454223888,-35.934798792350534,-40.73479879235054,4.6451163022330135,51.37991509458355,47.49767774653159,True
188,248.10891778687466,19.290158384396754,0.24468315094574022,-42.459113421473035,-47.25911342147304,9.075262610065671,62.33437603153871,31.695373508968625,True
189,239.26403308596872,13.086477104905256,0.23443252225299507,-36.288398924307614,-41.08839892430762,5.47429109451035,52.56269001881797,40.72280132278282,True
190,230.55487330601903,29.623267968383047,0.19538861635846036,-23.443547301423383,-28.243547301423384,10.891495460627418,45.1350427620508,31.60923335957066,True
191,214.01534410821336,18.391586134791876,0.2953149470569587,-58.6592460676691,-63.459246067669106,6.076017680624112,75.53526374829322,50.09728900980479,True
192,250.99864893603046,-2.27242349125573,0.25541754321131627,-38.92127777148401,-43.721277771484004,7.508818966668647,57.23009673815265,51.78418740895297,True
193,237.7810395661562,29.31432413175782,0.17181822023951251,-16.12881205191195,-20.928812051911947,3.8114312924030123,30.740243344314962,27.620480335172136,True
194,234.19203917199138,24.767991655659998,0.26821679226366474,-53.58611402803808,-58.38611402803808,10.952419693636656,75.33853372167474,33.16858914460712,True
195,227.00058320773292,23.953975109482624,0.19623586562606274,-22.791449115987803,-27.5914491159878,1.0892647749742232,34.680713890962025,37.931102943466776,True
196,232.2944822274234,-6.401747450046852,0.2530216804356017,-35.45936274284739,-40.259362742847394,9.316542197958341,55.575904940805735,61.33914301055221,True
197,239.4342856606101,19.562435753834187,0.21173927309888868,-28.95013835216489,-33.75013835216489,1.2728187628254597,41.02295711499035,34.88117987533966,True
198,240.6157531633221,4.248943474471362,0.21289319514510968,-25.759189177870695,-30.559189177870696,3.4339262398141654,39.99311541768486,48.3441747392524,True
199,227.86440766124076,11.660642005536934,0.3013553554236165,-64.0038316053578,-68.8038316053578,3.0292989907612684,77.83313059611908,47.366419404718016,True
200,214.44602252536976,20.62314546000094,0.25437752069346653,-41.434372601698854,-46.23437260169886,5.296074590082782,57.53044719178164,48.1727554208882,True
201,245.8231187318752,17.907605351753226,0.20894689691851717,-27.79971757832866,-32.599717578328665,10.608822625766994,49.208540204095655,33.76687854279433,True
202,218.15888494414244,10.864989327534875,0.20721294177752358,-22.779452709790586,-27.579452709790587,11.708518833867572,45.28797154365816,53.41551777575912,True
203,231.8367388540674,13.804316099038449,0.24683837549444532,-40.751889281572986,-45.55188928157299,6.023065699618556,57.574954981191546,43.50829974709952,True
204,213.89870145536906,44.73631087210332,0.21480386610747587,-28.034422300035004,-32.834422300035,5.994697647790245,44.82911994782525,34.066573987235344,True
205,248.397869979154,9.111827962981438,0.2584338742052269,-45.19995190460061,-49.99995190460061,6.732043597818784,62.731995502419394,41.2966111680275,True
206,238.77430719321018,22.68072217684804,0.1607475040729512,-12.377640119686706,-17.177640119686707,3.6776021361165356,26.85524225580324,32.50351563380327,True
207,233.5318118206342,5.480752154103939,0.31540794153405405,-69.14278885363306,-73.94278885363306,5.870810392033969,85.81359924566704,50.02821127087407,True
208,229.83847147819534,27.19093612663861,0.28873228154046326,-63.3943291538459,-68.1943291538459,8.09116555229441,82.28549470614031,33.810756945444105,True
209,218.8366624122171,5.456766431459986,0.23698054991493672,-31.65681714458083,-36.45681714458083,1.5625948032586485,44.01941194783948,57.44376000526257,True
210,214.18530642365602,11.252402165640664,0.2642542461088331,-42.64316051520714,-47.44316051520715,5.922827883226853,59.365988398434,55.473525466052706,True
211,234.0619177589725,24.444236555817994,0.22812465805733204,-35.71313396271254,-40.51313396271254,6.93104851148839,53.44418247420093,33.49808384170454,True
212,211.11485030513654,34.63375366254774,0.23556879439556982,-35.02430197500114,-39.824301975001134,4.266889021357012,50.09119099635815,41.02266456675962,True
213,250.01125454796443,6.134741115353778,0.18196865635402237,-16.331878349452193,-21.131878349452194,4.8676385897402445,31.99951693919244,43.77436793012573,True
214,223.2574293102484,5.001065090386573,0.2633256455756894,-42.64206108854087,-47.442061088540875,6.035391336887381,59.477452425428254,55.42836099727926,True
215,230.81666020325403,24.186286873967433,0.24333888420544703,-41.595295895464645,-46.39529589546464,3.1496601800198007,55.54495607548444,35.52148348764473,True
216,226.7475657513835,14.110856363650356,0.2202233965822533,-29.566746372121507,-34.36674637212151,1.458147802835502,41.82489417495701,45.91252140983846,True
217,232.1953657575693,21.978358571205696,0.1763617672261381,-16.61776337075604,-21.41776337075604,5.987911567218646,33.40567493797469,36.50040470716019,True
218,222.35374917772285,32.71497273560358,0.23586052660108056,-37.82423833664417,-42.62423833664417,0.8492502083034777,49.47348854494765,34.74189740189628,True
219,225.4582079892429,26.47407680117965,0.20946658247714425,-27.543945855946696,-32.3439458559467,3.5236515285926053,41.8675973845393,36.99903623261068,True
220,203.69648324107996,24.324644369973626,0.21055300443583566,-22.927658603409053,-27.727658603409054,8.017563490995892,41.745222094404944,52.57619751455464,True
221,212.49237040038545,17.34229345358422,0.27143961263483957,-46.98930616836631,-51.78930616836631,4.467026964051316,62.25633313241762,51.844313089456975,True
222,217.79367169283395,30.446804743684947,0.21472553333066613,-28.447190640633337,-33.247190640633335,5.3066918476511775,44.553882488284515,39.17848142344106,True
223,232.24016902390701,40.86811395824049,0.2842150102266249,-62.374378018800016,-67.17437801880001,3.8257758005905074,77.00015381939052,23.62163075815815,True
224,212.1972151355768,28.50600144771021,0.2291808225958315,-32.25878562351136,-37.058785623511355,3.5831404389902453,46.641926062501604,44.1329724346135,True
225,228.1157018051032,50.054464728358795,0.21707470228273273,-30.602147961095113,-35.40214796109511,6.3835865283927085,47.78573448948782,23.32504175931467,True
226,219.4501527735129,15.067584784153583,0.23451414771012308,-33.64389741906514,-38.44389741906514,5.87774463678846,50.3216420558536,49.308931208843156,True
227,227.7216962996165,19.344145590318476,0.21726312954379212,-29.730093595149935,-34.530093595149935,2.5517412071959544,43.08183480234589,41.108297341982095,True
228,242.48724461303289,26.235594261838564,0.21907387524067043,-32.9288381930438,-37.728838193043806,7.259386342462946,50.98822453550675,27.70132933025644,True
229,201.94627597299598,1.7828293353317561,0.276387831228101,-39.36099970461596,-44.16099970461596,7.333892002335855,57.49489170695182,70.43426879648935,True
230,226.64138174410613,37.459901068587136,0.18265856409298498,-18.972259616548037,-23.772259616548038,6.710174387710612,36.48243400425865,29.100788600672725,True
231,223.7759072472393,14.453728301490855,0.2318348559430329,-33.44439643817573,-38.24439643817573,13.584705083060564,57.82910152123629,47.28383354107991,True
232,249.3711894752033,39.02401296660726,0.22129914066371015,-34.43356155861562,-39.23356155861562,2.6772158546343015,47.910777413249924,14.013602047991721,True
233,236.20602668755248,17.028425347186328,0.27083565115609665,-53.086232389276134,-57.88623238927613,7.544681013685842,71.43091340296198,38.59428930838669,True
234,220.34949520420764,7.512626517305076,0.1672129457385512,-10.833521226634723,-15.633521226634723,2.753302837049783,24.386824063684507,54.89865030426412,True
235,226.7596499812561,29.150860688639344,0.2628207801693867,-50.29207320602089,-55.09207320602089,4.340455850719544,65.43252905674044,34.285520739733904,True
236,241.62089139060186,15.23999763029245,0.23364022231362463,-36.69254845725587,-41.492548457255864,9.817010053022294,57.30955851027816,37.80768332876091,True
237,226.79133100780408,18.417313551221806,0.2657336657303587,-49.346651656244696,-54.14665165624469,8.083073010782803,68.2297246670275,42.377676364641204,True
238,227.74456266040488,29.923312441855057,0.2158679950527984,-30.630746745396138,-35.430746745396135,2.3316979718815873,43.762444717277724,33.13259802158817,True
239,231.7352832664062,25.3643314596478,0.22113513118992767,-32.754705709641286,-37.55470570964128,2.8198969600845274,46.37460266972581,34.08130668610909,True
240,243.61222396316623,6.732887975982909,0.2504889439008786,-40.9174934311997,-45.7174934311997,3.028290070294374,54.745783501494074,44.99119445753007,True
241,222.04707396828783,11.924432872915137,0.2470851675116029,-38.28465059534636,-43.08465059534637,1.860523365623609,50.945173960969974,50.3201809361458,True
242,222.95231121370796,35.02580269928304,0.21658513118734912,-30.41783054117844,-35.217830541178444,4.120562957816486,45.338393498994925,32.934188497281845,True
243,226.09931890925031,13.632891875363022,0.27438661068128456,-51.52132100640823,-56.321321006408226,10.012186132728216,72.33350713913644,46.661559867971526,True
244,228.64664805645322,5.200688047384576,0.14476648524129723,-5.747250675885795,-10.547250675885795,12.262781145088699,28.810031820974494,52.5323369184732,True
245,223.56346608881222,30.053240362593026,0.23507573415507935,-37.53273673206563,-42.332736732065634,10.855277642763218,59.18801437482885,35.691887051741624,True
246,236.688108965891,22.38824819419439,0.17161958287640736,-15.49239740596667,-20.29239740596667,3.0165300353842532,29.308927441350924,33.78903896220011,True
247,248.7659935955943,16.772548076889812,0.26597720259396607,-51.34710830903997,-56.147108309039965,3.9329656718889208,66.08007398092889,33.86477017541865,True
248,232.0420696736241,8.233269899597365,0.20956801780923853,-25.064442162848913,-29.86444216284891,5.90387562152859,41.7683177843775,48.25487588268285,True
249,239.65536002134857,33.42488295767721,0.18986039426826384,-22.35784703580201,-27.15784703580201,7.107451338565969,40.26529837436798,23.47977166782015,True
250,225.82838686413564,28.000436601230504,0.22799196184595935,-34.882581869767485,-39.68258186976748,1.3797828671400694,47.062364736907554,35.67602707475761,True
251,231.29673725886138,18.262568384410322,0.20397227568088677,-25.188819618902595,-29.988819618902596,13.578761407448198,49.567581026350794,40.0261704736927,True
252,242.39623858675486,17.13553836664947,0.2718865995777836,-54.20678087702002,-59.00678087702002,17.163618252795317,82.17039912981534,35.77430271477809,True
253,224.0818426154093,18.58940614414585,0.26849073369806614,-49.93925947408049,-54.73925947408049,3.9617778695213057,64.7010373436018,43.80279924820564,True
254,231.38876147491544,22.3623561648821,0.2589303934102779,-48.24465066283629,-53.04465066283629,6.237573817359944,65.28222448019623,36.6372711085679,True
255,217.0615769386252,5.2316802316598405,0.31897269474444123,-65.21740108531401,-70.01740108531402,5.148130572415204,81.16553165772922,58.62841668285617,True
256,227.38127484627057,19.34110622531675,0.2844805009319054,-58.59543394859229,-63.395433948592284,8.121014630840564,77.51644857943285,41.303700563468944,True
257,246.09834236714093,24.021008914983213,0.21826539628738498,-32.38724150674493,-37.18724150674493,5.217395037988531,48.404636544733464,28.06944767124329,True
258,227.238984385467,35.783191713550835,0.2144603571055309,-30.30981517869377,-35.10981517869377,9.677358826317793,50.787174005011565,29.671772562055896,True
259,235.28337254746637,10.79818475048874,0.183139697655536,-17.313461830757596,-22.113461830757593,0.619209746393279,28.732671577150874,44.498082610447085,True
260,236.48261615285787,16.956430809855103,0.2169251681818649,-30.19286606990199,-34.992866069901986,1.1222018270342866,42.115067896936274,38.525556198828056,True
261,216.89551412411902,23.8072248846728,0.27687937228831777,-52.84459286719302,-57.644592867193026,2.921905934455513,66.56649880164854,44.30312368353804,True
262,224.143249770089,17.862565541365214,0.22530221169826292,-31.830121706143576,-36.630121706143576,6.108708234383963,48.73882994052754,44.3405807221829,True
263,217.74061542383373,13.21382877195132,0.23305127482607912,-32.201421699848254,-37.00142169984825,1.0634929969162934,44.064914696764546,51.78997344483492,True
264,244.72213228529475,24.148393020378816,0.220045930098096,-33.10075575669492,-37.90075575669493,0.6959953234029623,44.59675108009789,28.51883256362684,True
265,219.4188464669677,7.787757386335667,0.24101000969374342,-34.00492142127284,-38.80492142127284,3.644752311904996,48.44967373317783,55.193580576760745,True
266,248.4757654673748,14.146678456631907,0.20672222047500477,-26.207733613207637,-31.007733613207634,4.17519886514693,41.182932478354566,36.449572302189665,True
267,224.12885129871034,6.677653672635573,0.24142972974846832,-34.87417151581052,-39.674171515810514,7.159853938791175,52.83402545460169,53.54707081168535,True
268,237.42658906589443,15.193365624948777,0.20261126047957836,-24.69414266929182,-29.494142669291822,3.5521674208838587,39.04631009017568,39.63550741307957,True
269,234.37353954522192,11.6770255558406,0.2675122829960724,-49.39217223506624,-54.192172235066245,6.54793044215341,66.74010267721965,44.13484111651302,True
270,233.03357582381642,18.347327246705483,0.2593446573626925,-47.70444705324386,-52.504447053243865,5.123233161220955,63.62768021446482,39.04519900174239,True
271,258.93444694396305,22.956833576821687,0.18763164788890022,-20.48820282015302,-25.288202820153018,2.7397458803914514,34.02794870054447,25.618009736875244,True
272,220.65010750408905,14.136061488719944,0.2403275137024961,-35.92609423907112,-40.72609423907112,1.5418808356484708,48.26797507471959,49.33957171839189,True
273,245.2531645759933,5.212795833844224,0.2613536642003541,-44.877336146649924,-49.67733614664993,5.233662232326347,60.910998378976274,45.92347161119528,True
274,227.84915430921143,23.777422636863058,0.14861708324409312,-8.517499267539463,-13.317499267539464,1.3964950898742603,20.713994357413725,37.56231044737487,True
275,230.3014778904547,45.197580699661906,0.2475964223109483,-44.084446657613455,-48.88444665761346,5.844313571272997,60.72876022888646,23.126000117368353,True
276,243.94823050939965,17.652829284605556,0.23075782407176876,-36.19513748027189,-40.99513748027189,14.175304522340713,61.1704420026126,34.694363212845595,True
277,240.29998967171946,16.54154317291576,0.23567846904688616,-37.79137801382183,-42.59137801382183,10.386866036235496,58.97824405005733,37.17624326432108,True
278,225.13285046635974,14.502853920526405,0.23866145197638178,-36.391453129996854,-41.19145312999685,3.870334522036279,51.06178765203313,46.48047244128444,True
279,216.64657291888645,18.669761288586386,0.2582901949575702,-43.276829180991584,-48.07682918099158,6.128357335476677,60.20518651646826,48.2395160590182,True
280,232.4458222017292,12.062755240606545,0.2480354826612618,-40.800897668442694,-45.6008976684427,6.970625563071496,58.57152323151419,44.7111932338557,True
281,225.82810966379665,19.394406736439095,0.2640582661790111,-48.627750181078724,-53.42775018107872,3.2704699204622703,62.69822010154099,42.15199318609657,True
282,219.31756494731957,31.68658779125446,0.20174750876789282,-24.208625175991717,-29.008625175991718,3.8385770526854586,38.847202228677176,37.38171685003621,True
283,231.98265570188133,26.6892819321005,0.21969623850871955,-32.383988689186,-37.183988689185995,7.605450784999508,50.78943947418551,32.922970753538465,True
284,229.66606593015416,15.528497921292026,0.23995442191970776,-38.046255612565616,-42.84625561256561,4.860477604971539,53.706733217537156,43.1665354964256,True
285,226.833133430965,12.633541455785014,0.30021197941884314,-63.583402821900734,-68.38340282190073,11.878749833747888,86.26215265564862,47.09480851747938,True
286,237.05903572797615,22.580029334305873,0.24214509011125984,-41.61700465583355,-46.41700465583355,4.341702193519598,56.758706849353146,33.44063138948384,True
287,233.44165202492155,9.212944702083531,0.21877502476092692,-28.71050027191801,-33.51050027191801,1.7082009577316075,41.21870122964962,46.740904404859926,True
288,238.6040746966229,27.50354702424775,0.23446233968537195,-39.217976843711995,-44.017976843712,5.874009452350153,55.89198629606215,28.601017778596994,True
289,226.283008775518,11.80835506598125,0.25216676611573874,-41.29308097342271,-46.09308097342271,1.2428561684339927,53.335937141856704,48.07969082708004,True
290,239.18933740589833,41.7249676076796,0.2511769546870148,-47.03894141450161,-51.838941414501605,7.814671255651531,65.65361267015314,18.63541669160397,True
291,208.3403222362528,27.356099916217563,0.2385268555918812,-34.499957335599085,-39.29995733559909,2.7769762056737024,48.07693354127279,47.44741511174914,True
292,221.73726297587194,10.753312160442395,0.2520627017487084,-39.82155127431467,-44.621551274314676,8.695797549392518,59.31734882370719,51.452645618840144,True
293,236.19004753587092,18.53627843944944,0.18458754081889017,-19.09446455487229,-23.89446455487229,3.1293312035871663,33.02379575845946,37.300928045030844,True
294,234.1116595541364,31.290283629122932,0.20613814699374755,-27.79723542967487,-32.59723542967487,9.928120132029745,48.525355561704615,28.271429999231273,True
295,239.86659373799776,9.440973933501528,0.23605717721543007,-35.872753412310004,-40.67275341231001,2.741589082457537,49.414342494767546,43.80507723976714,True
296,224.27889732292482,32.30547995730548,0.20910430183280154,-27.712724878853077,-32.51272487885308,2.9148898410664774,41.42761471991955,33.74967245786687,True
297,230.2960561298003,11.9808266066518,0.2491024681609863,-40.86820022324045,-45.66820022324045,2.990273867466314,54.65847409070676,45.84486234824647,True
298,251.9099650520896,32.413454397912425,0.1796362692000039,-18.91500639833304,-23.715006398333042,0.14966842254970245,29.864674820882744,18.28293348581461,True
299,209.56578356666193,21.504293851687187,0.29242742342162,-56.29887735269973,-61.09887735269974,10.722658283851096,77.82153563655083,50.68144363570469,True
300,218.70952071167955,27.707249081829243,0.16772809786342535,-13.098183034462881,-17.898183034462882,1.588539135689475,25.486722170152355,40.40680217955897,True
301,230.3805156377374,17.329131337087325,0.286199047680462,-59.51987300942025,-64.31987300942026,10.337074998757307,80.65694800817757,41.28788415238148,True
302,221.7446264513965,29.770791541230935,0.25575685404958803,-45.908206611459235,-50.70820661145924,14.466359907050853,71.17456651851009,37.05107739691562,True
303,252.41814715680448,35.02069453501565,0.2432127663820095,-43.74926498770268,-48.54926498770268,2.8235640792646834,57.37282906696736,15.78122651607429,True
304,232.30249085277185,14.129535374179811,0.23613120116967773,-36.53202156475892,-41.33202156475892,2.5221063262085024,49.85412789096742,42.99695053392856,True
305,207.47702183938844,14.241677355073925,0.18512177672957486,-14.700414832753648,-19.50041483275365,13.036230558209782,38.53664539096343,57.361048314927956,True
306,222.7266466208532,25.13637313061959,0.268321782407802,-51.109171341103476,-55.90917134110347,6.009276293009659,67.91844763411314,39.66298141853359,True
307,219.03482145565943,19.34545712449006,0.2455330049563847,-38.90031223246758,-43.70031223246758,17.21530396617428,66.91561619864186,46.25115901049567,True
308,216.6920623945124,28.564779320049077,0.2620967229458109,-47.054203923367496,-51.85420392336749,7.202397248363937,65.05660117173143,41.13929842680501,True
309,245.3760590846581,17.023451993072612,0.2566175641183157,-47.162308087743554,-51.96230808774355,6.499248443070865,64.46155653081442,34.74634397711494,True
310,256.11608022571875,20.55678402174865,0.24753998605088617,-43.48247218510438,-48.282472185104375,2.998732732106772,57.28120491721115,28.417876027676588,True
311,238.4566798236681,12.38271651752837,0.14785836682807862,-7.827565539136572,-12.62756553913657,2.959360883157165,21.586926422293736,41.696655610694414,True
312,231.11564451752696,14.472992145778374,0.21504344428264954,-28.389693818208684,-33.18969381820868,6.644393671892584,45.83408749010127,43.30217523440916,True
313,234.70018120557395,6.017129345487661,0.28670036872577936,-55.71940988571973,-60.519409885719725,5.55152121163974,72.07093109735946,49.038352341475836,True
314,222.2873400556112,10.930717267055522,0.23698401145435743,-34.12168499177692,-38.921684991776914,7.039562489926926,51.96124748170384,50.998277735910456,True
315,222.70550144554767,21.911643542139974,0.215394027156873,-28.61859136473852,-33.41859136473852,0.7654475421154785,40.184038906854,42.06361948646457,True
316,211.85469217765137,6.586660661910712,0.16226424793000957,-8.427711199209206,-13.227711199209207,4.531436911139212,23.75914811034842,60.57430608996489,True
317,217.2869812784476,23.70711920773359,0.24557390373339694,-39.359299235692134,-44.15929923569214,7.440141394306957,57.599440629999094,44.124938472127546,True
318,226.40241793796588,12.815108062732094,0.2385942456828029,-36.15166600453527,-40.95166600453527,5.454405636075843,52.40607164061112,47.17521812565365,True
319,228.98458499376886,33.633832084972,0.31555206795692065,-78.59046627523941,-83.3904662752394,6.003658982241905,95.3941252574813,29.869187967483892,True
320,238.17629163890294,13.856744455546476,0.21087741404414195,-27.40962488538432,-32.20962488538432,3.5494706363719493,41.75909552175627,40.492561790202586,True
321,245.1796895577231,8.763419643425191,0.2254509553337445,-31.74006492662256,-36.54006492662256,1.8584374927756957,44.398502419398255,42.567688733248694,True
322,213.0853688811303,27.73938996666878,0.2148564248529838,-27.168016035153123,-31.968016035153124,13.354876578500015,51.32289261365314,44.05650278858998,True
323,235.29075226866422,12.843345968247064,0.2033688133375552,-24.318104688196826,-29.118104688196826,3.6750943992621607,38.79319908745899,42.68342497790811,True
324,232.4024718491425,12.947441442107799,0.26629290352337476,-48.993998798323524,-53.79399879832353,3.296377567412125,63.09037636573565,43.96574024297688,True
325,225.27006966873972,22.644802254338444,0.236436936282734,-37.389505307070564,-42.18950530707056,8.90007136892235,57.08957667599291,39.95931093383471,True
326,220.29639057485227,26.83529540680165,0.29413535901235976,-63.1121561243385,-67.9121561243385,10.049522066531136,83.96167819086963,39.98868975496248,True
327,243.26980510154874,14.48349540066948,0.3094885196096512,-72.28869326567602,-77.08869326567603,3.564660293322679,86.6533535589987,37.865062377013345,True
328,218.04747814286995,6.746240589608757,0.26281633343924693,-41.68107831500388,-46.481078315003884,6.932241692582271,59.41332000758615,56.82517392598184,True
329,226.00875075869394,2.417574787201718,0.2079905812774539,-22.27354172424533,-27.07354172424533,5.668339441605108,38.74188116585044,56.24737665734727,True
330,229.95853534050505,21.89795811810441,0.2524550170615339,-44.97043466304159,-49.77043466304159,11.534047289906036,67.30448195294763,37.808643065098686,True
331,236.84286837922247,37.992992593304734,0.28404001808278656,-63.15513436827347,-67.95513436827348,5.411462462172114,79.36659683044559,22.169236285030717,True
332,226.02605848364243,-1.5268648657344874,0.16643251582588237,-9.688837292632364,-14.488837292632365,2.5338811776296337,23.022718470262,59.69115611523375,True
333,226.34264142093457,17.689239540468893,0.28277508310516764,-56.940984592652555,-61.74098459265255,6.36946485680329,74.11044944945584,43.216559799033234,True
334,214.36596854476448,19.868256956378385,0.2156799593019591,-26.600413617294183,-31.400413617294184,1.1587723043358702,38.55918592163005,48.77891103260393,True
335,233.2831170638829,29.442487231981953,0.19002245308712112,-21.82856923254962,-26.628569232549616,5.3285680873279215,37.95713731987754,30.102471301646442,True
336,250.60587729164678,-2.1032533120479475,0.2582883683843832,-40.147559838180435,-44.94755983818043,7.959742645175927,58.90730248335636,51.694335306902985,True
337,219.5135396506913,4.239825238490555,0.2681622893719897,-43.26767681175215,-48.06767681175215,6.127658909932378,60.19533572168453,58.08153631492905,True
338,240.7171066434441,22.229855785169704,0.21876884632120955,-32.17168570267131,-36.97168570267131,5.489011920403854,48.46069762307516,31.969018057046586,True
339,235.8572647690802,18.616831864303077,0.21174981437228485,-28.52642939478232,-33.326429394782316,3.0318561535482096,42.35828554833053,37.39441761779712,True
340,235.75010133890905,15.969643389531155,0.2510789355429924,-43.749414041974084,-48.54941404197409,12.398087305287522,66.9475013472616,39.73052554180262,True
341,238.33786734753983,29.745735421630755,0.22856791782097588,-36.937170226422765,-41.73717022642277,4.762139986000413,52.49931021242318,26.979487786645766,True
342,228.44828673633782,24.313861174509498,0.3284205244323759,-83.91773056790474,-88.71773056790474,5.966162866844481,100.68389343474922,36.7994107141489,True
343,244.44754783127715,31.32883090236181,0.22411637629155756,-35.49290120074774,-40.292901200747735,13.367081558632494,59.65998275938023,22.508349039376245,True
344,239.89004420066186,29.540216098751493,0.26083439839792444,-51.48366621231806,-56.28366621231807,1.7666737775964418,64.0503399899145,26.296100127696032,True
345,231.76794731069123,22.91880223047378,0.22245344257963096,-32.92115319288831,-37.721153192888316,5.391807302344143,49.11296049523246,35.98235969991191,True
346,231.30375315007183,7.0199178565844935,0.24935587335560105,-39.41971438469372,-44.219714384693724,6.4484756695490475,56.66819005424277,49.6699890700863,True
347,226.54154293880572,21.751129040874332,0.2820659585879209,-57.90513373115395,-62.70513373115395,3.742874093957255,72.4480078251112,39.891796329128006,True
348,238.5352062796127,6.430107430468224,0.25438417803893143,-42.137201523768915,-46.93720152376891,6.191122688371754,59.12832421214067,47.091823041782455,True
349,225.93398610116319,21.82310438008954,0.28615975995277354,-59.758610496832176,-64.55861049683217,7.783228339557965,78.34183883639014,40.19386460218438,True
350,234.96166874137526,24.48957608211,0.2413564750663893,-41.38642558102285,-46.186425581022846,14.934428417287148,67.12085399831,32.971695429615906,True
351,234.41691671769303,-3.886641960904477,0.1979614348237021,-18.346096927835838,-23.14609692783584,1.4414083755503984,30.587505303386237,58.195689839435765,True
352,230.96849823071574,18.92197093713353,0.22127514112605073,-31.641742478655694,-36.4417424786557,5.483684175721098,47.92542665437679,39.657388389413924,True
353,240.17646683934416,10.08515898707269,0.33032139244333847,-81.02862183775557,-85.82862183775558,4.682291156483248,96.51091299423882,43.092684744632365,True
354,217.49711065540896,18.837442617764978,0.291159188307723,-58.315522915328266,-63.11552291532827,3.894575078789008,73.01009799411727,47.58486446332871,True
355,205.07872463146083,9.822645041802172,0.28062939629987116,-45.18922784466515,-49.98922784466515,3.198130006497468,59.187357851162616,62.24083833397374,True
356,236.06982710203525,20.36314211744127,0.29471034763620607,-66.01043801984045,-70.81043801984046,10.21459993856373,87.02503795840418,35.803293327429586,True
357,228.53227089359103,8.470566929469678,0.1916172027890559,-18.881602907476374,-23.681602907476375,4.53868389692486,34.22028680440123,49.749151505970175,True
358,241.6189484569033,12.29391536851562,0.24489658991204474,-40.48365371618297,-45.28365371618297,4.907841935653348,56.19149565183632,40.50588171485206,True
359,215.73811921049003,21.980490814301188,0.1606001810892468,-10.311937779512984,-15.111937779512985,12.779073868991567,33.89101164850455,46.35917765133051,True
360,224.90218694627112,16.031237619505937,0.19749852326086853,-21.759137449361184,-26.559137449361184,2.65477387293414,35.213911322295324,45.36890960143713,True
361,246.19634457201306,23.49792146132731,0.27571149272981205,-57.99121701095575,-62.79121701095575,2.9074714566258137,71.69868846758156,28.502705259779443,True
362,222.68717283424314,12.959046748587884,0.25137989730802823,-40.49385759128597,-45.29385759128597,7.162728480959752,58.45658607224572,49.11484780017697,True
363,225.5969891308138,17.87935359500695,0.25394647552617466,-43.71305717197673,-48.513057171976726,6.140852190713529,60.65390936269026,43.488630265795635,True
364,231.06098829912366,27.77941384984019,0.17999327513836938,-18.187678920047748,-22.98767892004775,10.692232255670193,39.67991117571794,32.64620350312695,True
365,230.19219494815235,24.17445241573828,0.20478827284516687,-26.23304308540432,-31.033043085404316,1.575185399360981,38.6082284847653,35.88955228773047,True
366,229.58907646005582,17.500503250893292,0.17476471330067364,-15.37278037307642,-20.17278037307642,4.750294555794923,30.923074928871344,41.571599472014746,True
367,230.85743233646284,19.77050677111858,0.21705610379564336,-30.182022014905677,-34.98202201490568,4.962355521957637,45.944377536863314,39.022538872883395,True
368,217.13793760008878,22.554192450139205,0.2571530769658672,-43.90502528368352,-48.705025283683526,11.367851191895415,66.07287647557894,45.052513788457674,True
369,231.5091887616446,3.411695483526975,0.19505825663823234,-19.10957629541194,-23.909576295411938,9.314675947450352,39.22425224286229,52.77856145069661,True
370,226.93977325240235,34.0477180181186,0.2678217191260922,-53.167157761256604,-57.9671577612566,1.4512905275379766,65.41844828879458,30.922947849723638,True
371,218.4097203699098,32.3526174650359,0.23200166819829876,-35.337806868365746,-40.13780686836575,3.5179321091616274,49.65573897752738,37.55903459557337,True
372,240.6998882198025,15.946879434395496,0.23318289066602843,-36.641953487441675,-41.44195348744167,1.9852372158547502,49.427190703296425,37.542719343539005,True
373,237.09422151012012,18.74702727837883,0.259021070568083,-48.23115207172928,-53.03115207172928,5.459264514715148,64.49041658644443,36.683528506972515,True
374,228.67147276356772,13.197988630369123,0.2430489620202514,-38.4720902758201,-43.272090275820105,8.146703509310857,57.41879378513096,45.646191700762145,True
375,231.9350647114919,26.076135004819143,0.24964676561701662,-44.85875947919476,-49.658759479194764,4.324999995393363,59.983759474588126,33.41853467028326,True
376,223.30015884753277,22.488430448680994,0.18856375940164943,-19.564469712308135,-24.364469712308136,8.204466924844056,38.56893663715219,41.267042418914315,True
377,239.06497986113328,35.18549930271779,0.21213299168656868,-30.600669843074897,-35.400669843074894,6.222744081901997,47.623413924976894,22.58740453437539,True
378,225.07217731895597,6.427359811317114,0.19179829599369408,-18.094773666263972,-22.894773666263973,8.482385031939806,37.37715869820378,53.266321656193526,True
379,225.0590517291726,4.659269212382605,0.18646258275651312,-16.146595613152734,-20.94659561315273,4.431734595075417,31.37833020822815,54.7861929195003,True
380,241.08299056694,21.57132147750685,0.24104590351863797,-41.25859735584137,-46.05859735584137,6.537391087026587,58.595988442867956,32.37598130197487,True
381,233.34842649586983,17.977856670235404,0.24979395586493203,-43.425200552646004,-48.22520055264601,8.005930469955828,62.231131022601836,39.19416723403354,True
382,240.1378723339614,5.560757417041859,0.3360769633827567,-81.1964864697642,-85.99648646976419,6.63714018261426,98.63362665237845,47.29211855337232,True
383,227.9253049757005,29.523969493096402,0.21423062320924527,-29.998461130119445,-34.79846113011945,8.16667634296618,48.965137473085626,33.298052737189174,True
384,248.39980327244933,9.38333780791946,0.23190871567476345,-34.37985770332817,-39.179857703328175,10.294094300299166,55.47395200362734,41.03484924172834,True
385,219.05181859654806,14.211398488953535,0.2757158989429005,-50.19701402174185,-54.997014021741855,10.554557607537866,71.55157162927972,50.22128108650898,True
386,214.8670280555105,19.02563484867618,0.22141175996507811,-28.578496644292517,-33.37849664429252,4.606706418599439,43.985203062891955,49.08713789909442,True
387,219.95779136825627,15.552148306086698,0.2553246647743259,-42.170602987659606,-46.9706029876596,1.8780756718662355,54.84867865952584,48.62553669061348,True
388,226.88563132551639,11.269596414897181,0.22048412645865084,-28.987833230582588,-33.78783323058259,1.0635983439115968,40.851431574494185,48.21110182017181,True
389,245.47233880550777,15.79960458344323,0.24113443795812284,-40.05205542552342,-44.85205542552342,3.112120888686687,53.96417631421011,35.8505935444178,True
390,238.55108383599966,14.340874761104644,0.22836188355762793,-34.1622584317629,-38.9622584317629,1.2187733068834958,46.181031738646396,39.89704083534867,True
391,227.28699945335077,50.747533568836175,0.21580081564884723,-29.932355101508733,-34.73235510150873,2.1509834594501136,42.88333856095885,23.73880966884181,True
392,227.4059529678811,6.264996573966234,0.19601947887260565,-19.638717720297752,-24.438717720297753,11.309528355349977,41.74824607564773,52.21698162406806,True
393,244.91005031453426,16.07219130111381,0.2519117848451733,-44.77402041118614,-49.57402041118614,3.92090728899038,59.49492770017652,35.79557923464369,True
394,215.6558822978781,20.120023366310463,0.2109130238473798,-25.294161092184225,-30.094161092184226,12.451969667972133,48.54613076015636,47.77654081661078,True
395,236.65931932722253,27.865138366737554,0.2147084795863003,-31.03678236244033,-35.83678236244033,5.3224509143098775,47.15923327675021,29.366497006535145,True
396,228.55971139065164,14.02849360795725,0.29329436121005326,-61.27284013127942,-66.07284013127942,4.186158865064195,76.25899899634362,45.00743587681343,True
397,207.26780426593703,26.299886411032105,0.20652628011197466,-22.78018174371826,-27.58018174371826,2.7960457630979905,36.37622750681625,48.86543763904624,True
398,216.61431925676732,17.03116162634307,0.23339253178562236,-32.97778340538723,-37.777783405387225,5.814788189209878,49.5925715945971,49.50379937211834,True
399,224.76416647603364,21.941774670140163,0.2707526054920869,-52.080869747164655,-56.88086974716466,3.008147484358282,65.88901723152294,40.79822807745874,True
400,221.71739259547337,13.299518248984493,0.2732732488872822,-49.64957449392104,-54.44957449392104,3.190845084965269,63.64041957888631,49.39240996294867,True
401,238.3300134415343,19.361846503496047,0.21279151150306147,-29.241339735736886,-34.041339735736884,2.7213430555523077,42.762682791289194,35.566591099184514,True
402,202.85351356757104,-5.904992887332567,0.2072187697751437,-16.025265987484527,-20.825265987484528,5.93265837774571,32.75792436523024,75.95747575757662,True
403,221.3496718108033,12.065236458948501,0.28215098757184554,-53.035273126041304,-57.83527312604131,6.802511729659338,70.63778485570064,50.60217796308433,True
404,229.41318804886902,30.218254448423306,0.2697386995005352,-54.29895710013799,-59.09895710013799,5.99305936593405,71.09201646607204,31.890056240524345,True
405,242.2155631143066,9.296997451988208,0.18914199778678076,-19.209863899786797,-24.009863899786794,1.0442556443093507,31.054119544096146,43.0620959800123,True
406,222.6299556336001,27.01638266732847,0.23164252015476272,-35.58696796288684,-40.38696796288684,4.871641344723021,51.25860930760986,38.37874942153306,True
407,213.24019229158054,11.903533793549602,0.25914107778135986,-40.49233953736131,-45.292339537361315,7.088882630765273,58.381222168126584,55.53907613360508,True
408,227.62946990497244,2.85297389727753,0.2450844234269423,-35.582905434840285,-40.38290543484028,3.7696955202830433,50.152600955123326,55.07790848554819,True
409,214.63415023284136,9.91878374254814,0.27827149319457395,-48.11853596517927,-52.918535965179274,1.9306397581304005,60.84917572330967,56.25713899375142,True
410,218.17469876166678,9.340482745412402,0.2608938902226139,-41.90112024510645,-46.70112024510645,5.48188976677665,58.1830100118831,54.63674665125935,True
411,240.46723852413947,16.269430242951753,0.19132583738914605,-21.18442611278265,-25.98442611278265,8.354929394862907,40.33935550764556,37.34973438985682,True
412,222.21818835591017,13.113009079920385,0.22278908296379143,-29.43389339866381,-34.23389339866381,4.209392826336832,44.44328622500064,49.25655027111894,True
413,220.73655574792778,17.89803387328341,0.2877321434272248,-57.59178884388075,-62.39178884388075,8.040018965909567,76.43180780979031,46.32707340000871,True
414,241.040083526453,16.5928663592736,0.1774893985101385,-16.79044702918507,-21.59044702918507,3.1199912201211184,30.71043824930619,36.81902329624169,True
415,251.45401108937511,6.85074266840148,0.24187099881840118,-37.32189676400141,-42.12189676400141,4.173595359721311,52.295492123722724,42.75638665021415,True
416,229.57906089097406,1.1681565498754523,0.20817596796328447,-22.438691300344516,-27.238691300344517,7.126476976148563,40.36516827649308,55.652098638632445,True
417,236.59020049920963,9.47639930230961,0.18595919384211818,-18.012367842484334,-22.812367842484335,2.7255430197506474,31.53791086223498,45.10956511114588,True
418,219.51334023802147,12.344430902612471,0.23434557484912671,-32.88454340852587,-37.68454340852587,6.165567949280597,49.85011135780647,51.43682278269873,True
419,238.0338900861085,28.339151447999587,0.2863789740633408,-63.89384588858401,-68.69384588858401,12.214381228657784,86.9082271172418,28.24252011157624,True
420,216.29859507128563,8.000550615884144,0.2811084892312946,-49.159306817197105,-53.95930681719711,7.097491866512023,67.05679868370913,56.81041851313587,True
421,225.34693453210696,9.416066270205413,0.27365766555871524,-49.354709210630716,-54.15470921063072,5.675511199571298,65.83022041020202,50.58811565880937,True
422,216.1066605225571,0.6385073656109265,0.29068220761211067,-49.78326617454066,-54.58326617454066,11.660844982581073,72.24411115712174,62.963272429031065,True
423,233.93121149057527,9.19229769648117,0.19948621022689778,-22.088583066023762,-26.888583066023763,4.235026298374058,37.12360936439782,46.53568377848086,True
424,229.06716230522494,5.25608284483219,0.25808475049659063,-41.89387958321831,-46.69387958321831,5.321000831210528,58.01488041442884,52.28119615147107,True
425,251.93085180404017,20.63806041313257,0.23601317304959274,-38.89608241384228,-43.696082413842284,1.230101100943268,50.92618351478555,29.277468654641666,True
426,217.82723795090567,17.75847074451339,0.25442308891135623,-41.791343345376575,-46.59134334537657,5.014070125965134,57.605413471341706,48.201680623328556,True
427,225.49012535729008,29.437347907414406,0.18003238069886632,-17.741309222405448,-22.54130922240545,1.1610359368499161,29.702345159255366,34.884579121037476,True
428,242.16355210510807,24.0581936067076,0.22653741521569815,-35.64328382749255,-40.44328382749256,7.405387041969894,53.84867086946245,29.721003956178155,True
429,230.6910694775412,18.772563512461623,0.21109309093985204,-27.764173467890103,-32.5641734678901,7.527136528884226,46.09130999677433,39.92972740351027,True
430,235.4796552945105,23.274588519658373,0.24304579799434967,-41.96620464200207,-46.766204642002066,2.6242337867158763,55.39043842871794,33.681441395822795,True
431,236.65654966479647,10.145067628524735,0.21841553355101065,-29.133237863001344,-33.933237863001345,5.345828206114518,45.27906606911586,44.47900586098755,True
432,248.3405424592181,30.71413456906366,0.2930568106991904,-68.29697510680785,-73.09697510680785,3.5019278888113226,82.59890299561917,21.218224403995308,True
433,211.3917539735844,22.633954388282397,0.22970303752152085,-31.3296265516131,-36.1296265516131,3.914948806199307,46.044575357812406,48.68882985819727,True
434,224.10498303746263,39.296086945397704,0.2816043081802189,-59.289067594650035,-64.08906759465003,18.911675346577844,89.00074294122788,29.803270970510106,True
435,219.4698428549148,17.9153326890023,0.24718391062802658,-39.33897457244895,-44.138974572448944,1.6025940921345352,51.74156866458348,47.07857576839965,True
436,232.00148678884,6.211411097573638,0.2692624610923259,-47.53290118077699,-52.33290118077699,11.3883503848161,69.72125156559309,50.06207071624869,True
437,201.79300259344257,25.999101466167197,0.1880413596960861,-15.888446229121346,-20.688446229121347,10.672837874422079,37.361284103543426,52.70566111984377,True
438,239.13547871714354,10.834057436015572,0.20420919638207163,-24.42021201212031,-29.220212012120307,8.785816608390027,44.006028620510335,42.82001288464481,True
439,218.10066562103205,26.530884573842044,0.1890711141963311,-19.362086502572602,-24.1620865025726,7.152917211689703,37.3150037142623,41.60971351027289,True
440,220.1602424698296,23.43393419976352,0.21100452299232558,-26.775806383552492,-31.575806383552493,2.4702902454575724,40.046096629010066,42.506047894746054,True
441,220.77955167042217,24.635280517379,0.23987860788101376,-38.13044324109071,-42.930443241090714,5.695191764377545,54.625635005468254,41.24470569109224,True
442,239.73459659666185,12.704744773693033,0.23252997823184335,-35.45082294684481,-40.250822946844806,8.703248732851403,54.95407167969621,40.8747074688099,True
443,224.8653892464182,31.886201098466753,0.2501858131817942,-44.429635344038225,-49.22963534403822,5.053692948329035,60.28332829236726,33.64200231838852,True
444,231.54587582456435,18.575929819275583,0.20544870489060316,-25.794662927238072,-30.594662927238073,1.9155502390324797,38.51021316627055,39.63418117018168,True
445,232.50831309766366,5.7565209908799,0.2495049020137076,-39.18913389871602,-43.98913389871603,13.757834306565647,63.746968205281675,50.23661942638091,True
446,234.5224706814937,13.117793438465524,0.26466231852223615,-48.66543179619991,-53.46543179619991,4.447182830525467,63.91261462672538,42.79962767743903,True
447,200.50716586417008,20.224855537730562,0.23398573669912115,-29.05078095079513,-33.85078095079513,3.261933996832429,43.11271494762756,57.549386849660344,True
448,239.0025296982737,1.744001113392029,0.3238984190676877,-71.93079414047395,-76.73079414047395,23.73686944508726,106.46766358556121,51.25946959652011,True
449,218.9398853082596,22.269746336928705,0.20704611915333498,-24.981005380791206,-29.781005380791207,9.439630628725688,45.220636009516895,44.124332459250034,True
450,220.38555474487666,21.415726607365016,0.22568189226502608,-31.888369986563482,-36.68836998656349,10.869966756827015,53.5583367433905,43.8587439591419,True
451,216.0571347053517,28.245479878105726,0.20846841945360073,-25.637549865912117,-30.437549865912118,4.984117302706956,41.421667168619074,41.768013771705284,True
452,215.14265128411108,11.954762876771795,0.2255405313018326,-28.54246656721448,-33.34246656721448,4.228543718808653,43.57101028602313,54.342004560961165,True
453,237.49767067040284,10.382275606078188,0.28174435932440556,-55.86091424696959,-60.6609142469696,8.306341246233561,74.96725549320315,43.90694737156231,True
454,243.56706080439452,17.63035368063929,0.29193196379085334,-64.39150481375592,-69.19150481375591,9.017328601368515,84.20883341512443,34.86177453569369,True
455,243.72680578611215,27.32761581091019,0.19365877001893345,-23.495510905594962,-28.29551090559496,1.5127662035454166,35.80827710914038,26.191163949962128,True
456,230.47679889689044,7.07739021217065,0.28965601379118777,-56.81208077885867,-61.612080778858676,4.248909391893684,71.86099017075236,50.010248849610406,True
457,221.34671892882517,34.2260620179879,0.30172589384629456,-68.56714260543637,-73.36714260543637,1.349287515485665,80.71643012092204,34.4712209696498,True
458,224.40324837141313,11.623418452613034,0.23735746511100503,-34.92262659181017,-39.72262659181017,5.354793190086982,51.07741978189715,49.253598572465066,True
459,242.2624611853043,15.569293815560865,0.2416657978632624,-40.132606318357915,-44.93260631835791,6.2076495941170275,57.14025591247494,37.25334619568661,True
460,211.93999445353091,13.520470809239319,0.2931493333163713,-54.9211439975183,-59.7211439975183,9.866869301208709,75.588013298727,55.090473453099975,True
461,238.7373352354853,24.495830340136816,0.19984800226550975,-25.244769039983964,-30.044769039983965,6.258973736486891,42.303742776470855,30.9944226493679,True
462,228.52477885861904,33.805316757712006,0.31116930497999234,-76.00678888367432,-80.80678888367432,6.391115838631341,93.19790472230565,30.05412931995976,True
463,233.7875519102481,21.339135129351703,0.25681657292145277,-47.447776184441835,-52.24777618444183,8.445543948448684,66.69332013289052,36.164139523753484,True
464,236.72812832395613,17.983584135591833,0.3307397401278489,-85.02876118357237,-89.82876118357237,3.4911123371180333,99.31987352069041,37.5181240205596,True
465,209.10955988437325,25.586198733385086,0.253536608057756,-40.33169069447652,-45.13169069447652,14.555678536703095,65.68736923117962,48.1306906232667,True
466,219.62502004845177,20.846969799346375,0.18492838680236212,-17.678263332095874,-22.47826333209587,3.770665104340877,32.24892843643675,44.75472300269987,True
467,227.45751309550326,34.44964859641388,0.21623595396712553,-30.98996180293945,-35.78996180293945,3.591598286937397,45.38156008987685,30.337864327295595,True
468,216.70765697942713,12.589325543060639,0.2187834960733074,-26.724281194247506,-31.524281194247507,5.2784879811812155,42.80276917542872,52.90062341967617,True
469,224.72580233742343,31.21289029811173,0.17933922708175237,-17.531475882575123,-22.33147588257512,2.1315737966374915,30.463049679212613,34.17343998841512,True
470,205.22768547808778,10.614381480582965,0.29411556945676304,-51.08593954224416,-55.88593954224416,5.217238461692345,67.1031780039365,61.541860683823394,True
471,236.53671980049978,31.262381112052708,0.23551784821499677,-39.845692332761786,-44.64569233276179,2.1023886505103557,52.748080983272146,26.859698408222744,True
472,246.033385186186,23.151150974016616,0.21702095660259726,-31.769509915685028,-36.569509915685025,5.98692611733861,48.55643603302364,28.880178055207395,True
473,231.92191252133912,25.10495089104094,0.2947772328956578,-66.57503758753434,-71.37503758753434,10.564474580837953,87.93951216837229,34.17551911430488,True
474,246.28672868246974,18.889695699081617,0.22898578184011864,-35.776203191256144,-40.57620319125614,7.161213155806603,53.73741634706275,32.691500460609845,True
475,253.19946325036426,22.060452816587297,0.2298775851004139,-36.5410163151045,-41.3410163151045,1.6045914777904784,48.945607792894975,27.582897020068266,True
476,225.0155961777531,29.330294368346323,0.24882389908425823,-43.6020594596972,-48.4020594596972,7.174940144372483,61.576999604069684,35.25826858207094,True
477,217.01389796269433,25.86441787229038,0.25588914196301094,-43.99747089006033,-48.797470890060325,7.406601370892664,62.20407226095299,42.773947140087806,True
478,233.08354673890963,32.27856925553357,0.24555716453532328,-43.902560333551236,-48.70256033355124,6.484742703445002,61.18730303699624,28.20115025918069,True
479,234.1050207704343,18.80485251263631,0.2105535275382598,-27.9558789182415,-32.7558789182415,1.83584125428233,40.59172017252383,38.1108472443467,True
480,231.28082742128632,4.438477501972182,0.24742143779905812,-37.682315451435535,-42.48231545143554,10.723064413843044,59.20537986527858,51.96659627353003,True
481,236.5634683217853,18.47489683560888,0.2148445357768043,-29.717913885844318,-34.51791388584432,5.2988623100909855,45.816776195935304,37.17291643516958,True
482,244.45458456508624,7.782656385659841,0.16592718007621488,-12.077287897835408,-16.87728789783541,8.216738630592694,31.094026528428103,43.72659470131125,True
483,228.1565561679912,20.1504028182323,0.18672904150082692,-19.29663629239342,-24.09663629239342,8.055736199926898,38.15237249232032,40.21808147825478,True
484,225.02729205042016,9.957141910115531,0.301500430695614,-62.381938057803026,-67.18193805780302,2.40289880652936,75.58483686433239,50.303869149549534,True
485,220.1080293084782,24.89324757456643,0.25884303070519077,-46.02899948391382,-50.82899948391382,12.275943975354366,69.10494345926818,41.4826294246002,True
486,240.72575105133154,15.101334336588973,0.2901874815610864,-62.33737405640125,-67.13737405640126,10.08937635724934,83.22675041365059,38.29593171774684,True
487,221.96079414216672,9.985573608815468,0.2074860899234088,-23.365507811516537,-28.165507811516537,4.1345307700070855,38.30003858152362,51.95843862688922,True
488,226.91492125979553,-7.026085183943328,0.24993843011685807,-33.31737338875935,-38.117373388759354,3.5913200880986764,47.70869347685803,64.16556236254263,True
489,224.28754830662842,19.64474635829103,0.23088336578812152,-34.38074143012179,-39.180741430121785,9.663471212468023,54.84421264258981,42.85532619259684,True
490,223.34921214874797,-1.3887869875644525,0.23808790824915274,-30.70033304085893,-35.50033304085893,9.020741965370977,50.52107500622991,60.87078589249335,True
491,242.11856738173583,11.671625849890825,0.24876567621865786,-41.93368597581127,-46.73368597581127,8.383792279070825,61.117478254882094,40.892011475147115,True
492,222.6902469456669,9.623941573186041,0.1967043291354434,-19.943567992265496,-24.743567992265497,13.950268414034852,44.69383640630035,51.8528483241974,True
493,213.48752789484206,25.655569158390243,0.26183434976899683,-45.341544475390954,-50.14154447539095,9.83368725017525,65.9752317255662,45.208312132191224,True
494,212.45343008055244,14.12538717656554,0.28108173098920775,-50.048861559743884,-54.84886155974388,16.18776809215211,77.03662965189599,54.306599038116445,True
495,255.04277888755638,16.7677507829233,0.24219625235927733,-40.335756391117485,-45.13575639111748,2.628020128986766,53.76377652010425,32.331981403589985,True
496,224.03263710163733,2.5348166673397845,0.22199963727733868,-26.592812917877094,-31.392812917877094,1.311394070823276,38.70420698870037,57.13579507114737,True
497,227.53384729613373,19.923507321465365,0.2482682524648931,-42.22372374682212,-47.023723746822114,5.629353364955688,58.653077111777804,40.75281870214125,True
498,229.78772103953233,5.79799024917453,0.20334580736397856,-22.13004120961466,-26.93004120961466,6.252669274936875,39.182710484551535,51.46129763644917,True
499,220.20006848679498,15.608975596171218,0.21187901642123586,-25.736420061160562,-30.536420061160563,14.293833912906296,50.830253974066856,48.43689428217828,True
