run_file,input_pack,variant,dataset,pack_type,g_l,g_b,dAICc,n_tracers,cv_Aeff_pct,cv_chiAeff_pct,mean_chiAeff
protocol_d_run_results_protocol_d_input_pack_boehme2025_lotss_dr2_swap_tier1__zradio_1p0__catwise_w1lt16p5_2MRS_clean.txt,protocol_d_input_pack_boehme2025_lotss_dr2_swap_tier1__zradio_1p0__catwise_w1lt16p5.csv,2MRS_clean,lotssswap,catwise_only,230.315,19.028,-39.310678,3,6.001243619075358,3.42550477586652e-05,35.339779063967
protocol_d_run_results_protocol_d_input_pack_boehme2025_lotss_dr2_swap_tier1__zradio_1p0__catwise_w1lt16p5_baseline.txt,protocol_d_input_pack_boehme2025_lotss_dr2_swap_tier1__zradio_1p0__catwise_w1lt16p5.csv,baseline,lotssswap,catwise_only,230.315,19.028,-39.310678,3,6.001243619075358,3.42550477586652e-05,35.339779063967
protocol_d_run_results_protocol_d_input_pack_wagenveld2025_tier1__zradio_1p0__catwise_w1lt16p5_2MRS_clean.txt,protocol_d_input_pack_wagenveld2025_tier1__zradio_1p0__catwise_w1lt16p5.csv,2MRS_clean,wagenveld,catwise_only,236.701,36.875,-34.424952,3,6.0012434838630195,3.4113310323011974e-05,29.877315776905665
protocol_d_run_results_protocol_d_input_pack_wagenveld2025_tier1__zradio_1p0__catwise_w1lt16p5_baseline.txt,protocol_d_input_pack_wagenveld2025_tier1__zradio_1p0__catwise_w1lt16p5.csv,baseline,wagenveld,catwise_only,238.489,35.374,-41.950593,3,6.001243435837416,3.406296709605455e-05,32.14265896566733
protocol_d_run_results_protocol_d_input_pack_boehme2025_lotss_dr2_swap_tier1__zradio_1p0__catwise_w1lt16p5__quaiaG20p0_pmSiglt2_zbins_2MRS_clean.txt,protocol_d_input_pack_boehme2025_lotss_dr2_swap_tier1__zradio_1p0__catwise_w1lt16p5__quaiaG20p0_pmSiglt2_zbins.csv,2MRS_clean,lotssswap,quaia_zbins,256.798,44.302,-37.811503,6,18.047020968198506,8.728207284341347e-05,29.501354882896
protocol_d_run_results_protocol_d_input_pack_boehme2025_lotss_dr2_swap_tier1__zradio_1p0__catwise_w1lt16p5__quaiaG20p0_pmSiglt2_zbins_baseline.txt,protocol_d_input_pack_boehme2025_lotss_dr2_swap_tier1__zradio_1p0__catwise_w1lt16p5__quaiaG20p0_pmSiglt2_zbins.csv,baseline,lotssswap,quaia_zbins,256.798,44.302,-37.811503,6,18.047020968198506,8.728207284341347e-05,29.501354882896
protocol_d_run_results_protocol_d_input_pack_wagenveld2025_tier1__zradio_1p0__catwise_w1lt16p5__quaiaG20p0_pmSiglt2_zbins_2MRS_clean.txt,protocol_d_input_pack_wagenveld2025_tier1__zradio_1p0__catwise_w1lt16p5__quaiaG20p0_pmSiglt2_zbins.csv,2MRS_clean,wagenveld,quaia_zbins,263.365,52.761,-40.908032,6,18.047021438011967,8.771805210403501e-05,28.3082967208725
protocol_d_run_results_protocol_d_input_pack_wagenveld2025_tier1__zradio_1p0__catwise_w1lt16p5__quaiaG20p0_pmSiglt2_zbins_baseline.txt,protocol_d_input_pack_wagenveld2025_tier1__zradio_1p0__catwise_w1lt16p5__quaiaG20p0_pmSiglt2_zbins.csv,baseline,wagenveld,quaia_zbins,263.192,51.117,-47.683064,6,18.04702189801001,8.817353946395632e-05,30.123447101830994
